SystemId|Customer Name|Customer Number|Account System Id|Account Number|Account Business Unit|Account Type|Customer Account Address|Principal Amount|Rate Of Interest|OutStanding Balance|Loan Agreement Date|Loan Disbursal Date|Account Zone|Account State|Account Location|Applicant|Applicant Type|Applicant Id|Applicant Address Type|Applicant Address|Applicant Address2|Applicant Address3|Applicant Address4|Applicant Location|Applicant State|Applicant Zipcode|Institute Name|Role|Percentage Share|Limit Sanctioned|Consent Received|Upload Date|Loan Closed Date|Legal Document|Document Type|Account Status|BlockType1|DateofBlockType1|BlockType2|DateofBlockType2|Current DPD|NPA Removal Date|RBI Reported Fraud|Bank Name| Instrument No|Instrument Amount|ECS Details|Memo Date|Memo Reason| Instrument Date|Beneficiary Bank|Beneficiary Bank Branch|Signatory Authority|Instrument Type|ChequeMICR_Cust
1|SHREYA|SH01|1|ACC01|CTQA|TERM LOAN|MUMBAI|67000|8|12900|01-Jan-2025 00:00:00|02-Jan-2025 00:00:00|NORTH|CHHATTISGARH|DHAMTARI|RADHA|Coborrower|1424||||||||||||||||||Live|||||38|31-Jan-2025|No|ICICI|CH01|23432|Details11|03-Jan-2025|NA|02-Jan-2025|PNB|LATUR|Riya |NACH|MICR654
1|SHREYA|SH01|1|ACC01|CTQA|TERM LOAN|MUMBAI|67000|8|12900|01-Jan-2025 00:00:00|02-Jan-2025 00:00:00|NORTH|CHHATTISGARH|DHAMTARI|RADHA|Coborrower|1424||||||||||||||||||Live|||||38|31-Jan-2025|No|SBI|AAAAA|12345||06-Feb-2025||20-Feb-2025||| ||
1|SHREYA|SH01|1|ACC01|CTQA|TERM LOAN|MUMBAI|67000|8|12900|01-Jan-2025 00:00:00|02-Jan-2025 00:00:00|NORTH|CHHATTISGARH|DHAMTARI|RADHA|Coborrower|1424||||||||||||||||||Live|||||38|31-Jan-2025|No|SBI|InstU01|67900|For Account|02-Jan-2024|NA|02-Jan-2024|PNB|PUNE|Ram|ECS|MICRCODE01
1|SHREYA|SH01|1|ACC01|CTQA|TERM LOAN|MUMBAI|67000|8|12900|01-Jan-2025 00:00:00|02-Jan-2025 00:00:00|NORTH|CHHATTISGARH|DHAMTARI|RADHA|Coborrower|1424||||||||||||||||||Live|||||38|31-Jan-2025|No|SBI|InstU712501|67900|For Account|02-Jan-2024|NA|02-Jan-2024|PNB|PUNE|Ram|Cheque|MICRCODE01
1|SHREYA|SH01|1|ACC01|CTQA|TERM LOAN|MUMBAI|67000|8|12900|01-Jan-2025 00:00:00|02-Jan-2025 00:00:00|NORTH|CHHATTISGARH|DHAMTARI|RADHA|Coborrower|1424||||||||||||||||||Live|||||38|31-Jan-2025|No|SBI|10012025-02AS|2.1e+006||05-May-2026|NA|05-May-2024|CANARA|PUNE|Akash|ECS|03012025-02
1|SHREYA|SH01|1|ACC01|CTQA|TERM LOAN|MUMBAI|67000|8|12900|01-Jan-2025 00:00:00|02-Jan-2025 00:00:00|NORTH|CHHATTISGARH|DHAMTARI|RADHA|Coborrower|1424||||||||||||||||||Live|||||38|31-Jan-2025|No|SBI|09012025-02|2.1e+006||05-May-2026|NA|05-May-2024|CANARA|PUNE|Akash|ECS|03012025-02
1|SHREYA|SH01|1|ACC01|CTQA|TERM LOAN|MUMBAI|67000|8|12900|01-Jan-2025 00:00:00|02-Jan-2025 00:00:00|NORTH|CHHATTISGARH|DHAMTARI|RADHA|Coborrower|1424||||||||||||||||||Live|||||38|31-Jan-2025|No|SBI|03012025-02|2.1e+006||05-May-2026|NA|05-May-2024|CANARA|PUNE|Akash|ECS|03012025-02
1|SHREYA|SH01|1|ACC01|CTQA|TERM LOAN|MUMBAI|67000|8|12900|01-Jan-2025 00:00:00|02-Jan-2025 00:00:00|NORTH|CHHATTISGARH|DHAMTARI|KAIRA|CoApplicant|1||||||||||||||||||Live|||||38|31-Jan-2025|No|ICICI|CH01|23432|Details11|03-Jan-2025|NA|02-Jan-2025|PNB|LATUR|Riya |NACH|MICR654
1|SHREYA|SH01|1|ACC01|CTQA|TERM LOAN|MUMBAI|67000|8|12900|01-Jan-2025 00:00:00|02-Jan-2025 00:00:00|NORTH|CHHATTISGARH|DHAMTARI|KAIRA|CoApplicant|1||||||||||||||||||Live|||||38|31-Jan-2025|No|SBI|AAAAA|12345||06-Feb-2025||20-Feb-2025||| ||
1|SHREYA|SH01|1|ACC01|CTQA|TERM LOAN|MUMBAI|67000|8|12900|01-Jan-2025 00:00:00|02-Jan-2025 00:00:00|NORTH|CHHATTISGARH|DHAMTARI|KAIRA|CoApplicant|1||||||||||||||||||Live|||||38|31-Jan-2025|No|SBI|InstU01|67900|For Account|02-Jan-2024|NA|02-Jan-2024|PNB|PUNE|Ram|ECS|MICRCODE01
1|SHREYA|SH01|1|ACC01|CTQA|TERM LOAN|MUMBAI|67000|8|12900|01-Jan-2025 00:00:00|02-Jan-2025 00:00:00|NORTH|CHHATTISGARH|DHAMTARI|KAIRA|CoApplicant|1||||||||||||||||||Live|||||38|31-Jan-2025|No|SBI|InstU712501|67900|For Account|02-Jan-2024|NA|02-Jan-2024|PNB|PUNE|Ram|Cheque|MICRCODE01
1|SHREYA|SH01|1|ACC01|CTQA|TERM LOAN|MUMBAI|67000|8|12900|01-Jan-2025 00:00:00|02-Jan-2025 00:00:00|NORTH|CHHATTISGARH|DHAMTARI|KAIRA|CoApplicant|1||||||||||||||||||Live|||||38|31-Jan-2025|No|SBI|10012025-02AS|2.1e+006||05-May-2026|NA|05-May-2024|CANARA|PUNE|Akash|ECS|03012025-02
1|SHREYA|SH01|1|ACC01|CTQA|TERM LOAN|MUMBAI|67000|8|12900|01-Jan-2025 00:00:00|02-Jan-2025 00:00:00|NORTH|CHHATTISGARH|DHAMTARI|KAIRA|CoApplicant|1||||||||||||||||||Live|||||38|31-Jan-2025|No|SBI|09012025-02|2.1e+006||05-May-2026|NA|05-May-2024|CANARA|PUNE|Akash|ECS|03012025-02
1|SHREYA|SH01|1|ACC01|CTQA|TERM LOAN|MUMBAI|67000|8|12900|01-Jan-2025 00:00:00|02-Jan-2025 00:00:00|NORTH|CHHATTISGARH|DHAMTARI|KAIRA|CoApplicant|1||||||||||||||||||Live|||||38|31-Jan-2025|No|SBI|03012025-02|2.1e+006||05-May-2026|NA|05-May-2024|CANARA|PUNE|Akash|ECS|03012025-02
1|SHREYA|SH01|1|ACC01|CTQA|TERM LOAN|MUMBAI|67000|8|12900|01-Jan-2025 00:00:00|02-Jan-2025 00:00:00|NORTH|CHHATTISGARH|DHAMTARI|GEETA|Guarantor|2||PUNE, MAHARASHTRA||||PUNE|MAHARASHTRA|411015||||||||||Live|||||38|31-Jan-2025|No|ICICI|CH01|23432|Details11|03-Jan-2025|NA|02-Jan-2025|PNB|LATUR|Riya |NACH|MICR654
1|SHREYA|SH01|1|ACC01|CTQA|TERM LOAN|MUMBAI|67000|8|12900|01-Jan-2025 00:00:00|02-Jan-2025 00:00:00|NORTH|CHHATTISGARH|DHAMTARI|GEETA|Guarantor|2||PUNE, MAHARASHTRA||||PUNE|MAHARASHTRA|411015||||||||||Live|||||38|31-Jan-2025|No|SBI|AAAAA|12345||06-Feb-2025||20-Feb-2025||| ||
1|SHREYA|SH01|1|ACC01|CTQA|TERM LOAN|MUMBAI|67000|8|12900|01-Jan-2025 00:00:00|02-Jan-2025 00:00:00|NORTH|CHHATTISGARH|DHAMTARI|GEETA|Guarantor|2||PUNE, MAHARASHTRA||||PUNE|MAHARASHTRA|411015||||||||||Live|||||38|31-Jan-2025|No|SBI|InstU01|67900|For Account|02-Jan-2024|NA|02-Jan-2024|PNB|PUNE|Ram|ECS|MICRCODE01
1|SHREYA|SH01|1|ACC01|CTQA|TERM LOAN|MUMBAI|67000|8|12900|01-Jan-2025 00:00:00|02-Jan-2025 00:00:00|NORTH|CHHATTISGARH|DHAMTARI|GEETA|Guarantor|2||PUNE, MAHARASHTRA||||PUNE|MAHARASHTRA|411015||||||||||Live|||||38|31-Jan-2025|No|SBI|InstU712501|67900|For Account|02-Jan-2024|NA|02-Jan-2024|PNB|PUNE|Ram|Cheque|MICRCODE01
1|SHREYA|SH01|1|ACC01|CTQA|TERM LOAN|MUMBAI|67000|8|12900|01-Jan-2025 00:00:00|02-Jan-2025 00:00:00|NORTH|CHHATTISGARH|DHAMTARI|GEETA|Guarantor|2||PUNE, MAHARASHTRA||||PUNE|MAHARASHTRA|411015||||||||||Live|||||38|31-Jan-2025|No|SBI|10012025-02AS|2.1e+006||05-May-2026|NA|05-May-2024|CANARA|PUNE|Akash|ECS|03012025-02
1|SHREYA|SH01|1|ACC01|CTQA|TERM LOAN|MUMBAI|67000|8|12900|01-Jan-2025 00:00:00|02-Jan-2025 00:00:00|NORTH|CHHATTISGARH|DHAMTARI|GEETA|Guarantor|2||PUNE, MAHARASHTRA||||PUNE|MAHARASHTRA|411015||||||||||Live|||||38|31-Jan-2025|No|SBI|09012025-02|2.1e+006||05-May-2026|NA|05-May-2024|CANARA|PUNE|Akash|ECS|03012025-02
1|SHREYA|SH01|1|ACC01|CTQA|TERM LOAN|MUMBAI|67000|8|12900|01-Jan-2025 00:00:00|02-Jan-2025 00:00:00|NORTH|CHHATTISGARH|DHAMTARI|GEETA|Guarantor|2||PUNE, MAHARASHTRA||||PUNE|MAHARASHTRA|411015||||||||||Live|||||38|31-Jan-2025|No|SBI|03012025-02|2.1e+006||05-May-2026|NA|05-May-2024|CANARA|PUNE|Akash|ECS|03012025-02
1|SHREYA|SH01|1|ACC01|CTQA|TERM LOAN|MUMBAI|67000|8|12900|01-Jan-2025 00:00:00|02-Jan-2025 00:00:00|NORTH|CHHATTISGARH|DHAMTARI|LAXMI|Coborrower|16||||||||||||||||||Live|||||38|31-Jan-2025|No|ICICI|CH01|23432|Details11|03-Jan-2025|NA|02-Jan-2025|PNB|LATUR|Riya |NACH|MICR654
1|SHREYA|SH01|1|ACC01|CTQA|TERM LOAN|MUMBAI|67000|8|12900|01-Jan-2025 00:00:00|02-Jan-2025 00:00:00|NORTH|CHHATTISGARH|DHAMTARI|LAXMI|Coborrower|16||||||||||||||||||Live|||||38|31-Jan-2025|No|SBI|AAAAA|12345||06-Feb-2025||20-Feb-2025||| ||
1|SHREYA|SH01|1|ACC01|CTQA|TERM LOAN|MUMBAI|67000|8|12900|01-Jan-2025 00:00:00|02-Jan-2025 00:00:00|NORTH|CHHATTISGARH|DHAMTARI|LAXMI|Coborrower|16||||||||||||||||||Live|||||38|31-Jan-2025|No|SBI|InstU01|67900|For Account|02-Jan-2024|NA|02-Jan-2024|PNB|PUNE|Ram|ECS|MICRCODE01
1|SHREYA|SH01|1|ACC01|CTQA|TERM LOAN|MUMBAI|67000|8|12900|01-Jan-2025 00:00:00|02-Jan-2025 00:00:00|NORTH|CHHATTISGARH|DHAMTARI|LAXMI|Coborrower|16||||||||||||||||||Live|||||38|31-Jan-2025|No|SBI|InstU712501|67900|For Account|02-Jan-2024|NA|02-Jan-2024|PNB|PUNE|Ram|Cheque|MICRCODE01
1|SHREYA|SH01|1|ACC01|CTQA|TERM LOAN|MUMBAI|67000|8|12900|01-Jan-2025 00:00:00|02-Jan-2025 00:00:00|NORTH|CHHATTISGARH|DHAMTARI|LAXMI|Coborrower|16||||||||||||||||||Live|||||38|31-Jan-2025|No|SBI|10012025-02AS|2.1e+006||05-May-2026|NA|05-May-2024|CANARA|PUNE|Akash|ECS|03012025-02
1|SHREYA|SH01|1|ACC01|CTQA|TERM LOAN|MUMBAI|67000|8|12900|01-Jan-2025 00:00:00|02-Jan-2025 00:00:00|NORTH|CHHATTISGARH|DHAMTARI|LAXMI|Coborrower|16||||||||||||||||||Live|||||38|31-Jan-2025|No|SBI|09012025-02|2.1e+006||05-May-2026|NA|05-May-2024|CANARA|PUNE|Akash|ECS|03012025-02
1|SHREYA|SH01|1|ACC01|CTQA|TERM LOAN|MUMBAI|67000|8|12900|01-Jan-2025 00:00:00|02-Jan-2025 00:00:00|NORTH|CHHATTISGARH|DHAMTARI|LAXMI|Coborrower|16||||||||||||||||||Live|||||38|31-Jan-2025|No|SBI|03012025-02|2.1e+006||05-May-2026|NA|05-May-2024|CANARA|PUNE|Akash|ECS|03012025-02
1|SHREYA|SH01|1|ACC01|CTQA|TERM LOAN|MUMBAI|67000|8|12900|01-Jan-2025 00:00:00|02-Jan-2025 00:00:00|NORTH|CHHATTISGARH|DHAMTARI|POOJA|Guarantor|17||||||||||||||||||Live|||||38|31-Jan-2025|No|ICICI|CH01|23432|Details11|03-Jan-2025|NA|02-Jan-2025|PNB|LATUR|Riya |NACH|MICR654
1|SHREYA|SH01|1|ACC01|CTQA|TERM LOAN|MUMBAI|67000|8|12900|01-Jan-2025 00:00:00|02-Jan-2025 00:00:00|NORTH|CHHATTISGARH|DHAMTARI|POOJA|Guarantor|17||||||||||||||||||Live|||||38|31-Jan-2025|No|SBI|AAAAA|12345||06-Feb-2025||20-Feb-2025||| ||
1|SHREYA|SH01|1|ACC01|CTQA|TERM LOAN|MUMBAI|67000|8|12900|01-Jan-2025 00:00:00|02-Jan-2025 00:00:00|NORTH|CHHATTISGARH|DHAMTARI|POOJA|Guarantor|17||||||||||||||||||Live|||||38|31-Jan-2025|No|SBI|InstU01|67900|For Account|02-Jan-2024|NA|02-Jan-2024|PNB|PUNE|Ram|ECS|MICRCODE01
1|SHREYA|SH01|1|ACC01|CTQA|TERM LOAN|MUMBAI|67000|8|12900|01-Jan-2025 00:00:00|02-Jan-2025 00:00:00|NORTH|CHHATTISGARH|DHAMTARI|POOJA|Guarantor|17||||||||||||||||||Live|||||38|31-Jan-2025|No|SBI|InstU712501|67900|For Account|02-Jan-2024|NA|02-Jan-2024|PNB|PUNE|Ram|Cheque|MICRCODE01
1|SHREYA|SH01|1|ACC01|CTQA|TERM LOAN|MUMBAI|67000|8|12900|01-Jan-2025 00:00:00|02-Jan-2025 00:00:00|NORTH|CHHATTISGARH|DHAMTARI|POOJA|Guarantor|17||||||||||||||||||Live|||||38|31-Jan-2025|No|SBI|10012025-02AS|2.1e+006||05-May-2026|NA|05-May-2024|CANARA|PUNE|Akash|ECS|03012025-02
1|SHREYA|SH01|1|ACC01|CTQA|TERM LOAN|MUMBAI|67000|8|12900|01-Jan-2025 00:00:00|02-Jan-2025 00:00:00|NORTH|CHHATTISGARH|DHAMTARI|POOJA|Guarantor|17||||||||||||||||||Live|||||38|31-Jan-2025|No|SBI|09012025-02|2.1e+006||05-May-2026|NA|05-May-2024|CANARA|PUNE|Akash|ECS|03012025-02
1|SHREYA|SH01|1|ACC01|CTQA|TERM LOAN|MUMBAI|67000|8|12900|01-Jan-2025 00:00:00|02-Jan-2025 00:00:00|NORTH|CHHATTISGARH|DHAMTARI|POOJA|Guarantor|17||||||||||||||||||Live|||||38|31-Jan-2025|No|SBI|03012025-02|2.1e+006||05-May-2026|NA|05-May-2024|CANARA|PUNE|Akash|ECS|03012025-02
1|SHREYA|SH01|4|ACCB01|CTQA|TERM LOAN|Mumbai|230000|8|8790|01-Jan-2025 00:00:00|02-Jan-2025 00:00:00|WEST|GUJARAT|NAVSARI|||||||||||||||||03-Jan-2025||||Live|Block Type 1|03-Jan-2025|Block Type 2|04-Jan-2025|1|31-Jan-2025|Yes||||||||||||
1|SHREYA|SH01|5|ACC1657|CTQA|SAVING ACCOUNT||50000|10|5000|09-Jan-2025 00:00:00|10-Jan-2025 00:00:00|WEST|MAHARASHTRA|PUNE|||||||||||||||||||||Live|||||2||No||||||||||||
1|SHREYA|SH01|115|ACC121|CTQA|TERM LOAN||222|2|9000||12-Mar-2025 00:00:00|WEST|MAHARASHTRA|KHED|||||||||||||||||||||Live|||||0||No||||||||||||
1|SHREYA|SH01|123|ACC12S|CTQA|PERSONAL LOAN|VASHI|99|2|7|03-Mar-2025 00:00:00|04-Mar-2025 00:00:00|WEST|MAHARASHTRA|KHED|KAIRA|CoApplicant|1|||||||||HDFC Bank|Leader|60|7675|Yes|06-Mar-2025||||Live|BT1|05-Mar-2025|BT2|13-Mar-2025|0|27-Mar-2025|Yes|SBI|111|222||||18-Mar-2025||| ||
1|SHREYA|SH01|123|ACC12S|CTQA|PERSONAL LOAN|VASHI|99|2|7|03-Mar-2025 00:00:00|04-Mar-2025 00:00:00|WEST|MAHARASHTRA|KHED|KAIRA|CoApplicant|1|||||||||Kotak Mahindra Bank||30|2322|No|06-Mar-2025||||Live|BT1|05-Mar-2025|BT2|13-Mar-2025|0|27-Mar-2025|Yes|SBI|111|222||||18-Mar-2025||| ||
1|SHREYA|SH01|123|ACC12S|CTQA|PERSONAL LOAN|VASHI|99|2|7|03-Mar-2025 00:00:00|04-Mar-2025 00:00:00|WEST|MAHARASHTRA|KHED|KAIRA|CoApplicant|1|||||||||State Bank of India||10|123|Yes|06-Mar-2025||||Live|BT1|05-Mar-2025|BT2|13-Mar-2025|0|27-Mar-2025|Yes|SBI|111|222||||18-Mar-2025||| ||
1|SHREYA|SH01|123|ACC12S|CTQA|PERSONAL LOAN|MUMBAI|99|2|7|03-Mar-2025 00:00:00|04-Mar-2025 00:00:00|WEST|MAHARASHTRA|KHED|KAIRA|CoApplicant|1|||||||||HDFC Bank|Leader|60|7675|Yes|06-Mar-2025||||Live|BT1|05-Mar-2025|BT2|13-Mar-2025|0|27-Mar-2025|Yes|SBI|111|222||||18-Mar-2025||| ||
1|SHREYA|SH01|123|ACC12S|CTQA|PERSONAL LOAN|MUMBAI|99|2|7|03-Mar-2025 00:00:00|04-Mar-2025 00:00:00|WEST|MAHARASHTRA|KHED|KAIRA|CoApplicant|1|||||||||Kotak Mahindra Bank||30|2322|No|06-Mar-2025||||Live|BT1|05-Mar-2025|BT2|13-Mar-2025|0|27-Mar-2025|Yes|SBI|111|222||||18-Mar-2025||| ||
1|SHREYA|SH01|123|ACC12S|CTQA|PERSONAL LOAN|MUMBAI|99|2|7|03-Mar-2025 00:00:00|04-Mar-2025 00:00:00|WEST|MAHARASHTRA|KHED|KAIRA|CoApplicant|1|||||||||State Bank of India||10|123|Yes|06-Mar-2025||||Live|BT1|05-Mar-2025|BT2|13-Mar-2025|0|27-Mar-2025|Yes|SBI|111|222||||18-Mar-2025||| ||
2|BHARAT JOSHI|20203030|2|LAN3031|CTQA|SAVING ACCOUNT|DEV|5e+006|12|3e+006|02-Feb-2024 00:00:00|03-Feb-2024 00:00:00|WEST|MAHARASHTRA|AKOLA|||||||||||||||||||||Live|||||0||No|ICICI|08012025195758PM|500000||01-Jan-2025|NA|01-Jan-2025|Canara|KHED| |Cheque|012345687
2|BHARAT JOSHI|20203030|2|LAN3031|CTQA|SAVING ACCOUNT|DEV|5e+006|12|3e+006|02-Feb-2024 00:00:00|03-Feb-2024 00:00:00|WEST|MAHARASHTRA|AKOLA|||||||||||||||||||||Live|||||0||No|SBI|CHD010|98000|ECS Details|03-Jan-2025|NA|02-Jan-2025|Canara|BILASPUR| Signatory Authority |SI|MICR765
2|BHARAT JOSHI|20203030|2|LAN3031|CTQA|SAVING ACCOUNT|DEV|5e+006|12|3e+006|02-Feb-2024 00:00:00|03-Feb-2024 00:00:00|WEST|MAHARASHTRA|AKOLA|||||||||||||||||||||Live|||||0||No|SBI|10012025-02AS|2.1e+006||05-May-2026|NA|05-May-2024|CANARA|PUNE|Akash|ECS|03012025-02
2|BHARAT JOSHI|20203030|2|LAN3031|CTQA|SAVING ACCOUNT|DEV|5e+006|12|3e+006|02-Feb-2024 00:00:00|03-Feb-2024 00:00:00|WEST|MAHARASHTRA|AKOLA|||||||||||||||||||||Live|||||0||No|SBI|1234321|5555||09-Jan-2025|NA|09-Jan-2025|Canara|KHED|sa |ECS|
2|BHARAT JOSHI|20203030|2|LAN3031|CTQA|SAVING ACCOUNT|DEV|5e+006|12|3e+006|02-Feb-2024 00:00:00|03-Feb-2024 00:00:00|WEST|MAHARASHTRA|AKOLA|||||||||||||||||||||Live|||||0||No|SBI|09012025-02|2.1e+006||05-May-2026|NA|05-May-2024|CANARA|PUNE|Akash|ECS|03012025-02
2|BHARAT JOSHI|20203030|2|LAN3031|CTQA|SAVING ACCOUNT|DEV|5e+006|12|3e+006|02-Feb-2024 00:00:00|03-Feb-2024 00:00:00|WEST|MAHARASHTRA|AKOLA|||||||||||||||||||||Live|||||0||No|SBI|03012025-02|2.1e+006||05-May-2026|NA|05-May-2024|CANARA|PUNE|Akash|ECS|03012025-02
2|BHARAT JOSHI|20203030|49|35435||TERM LOAN||32332|34|12||06-Jan-2025 00:00:00|WEST|GUJARAT|AHMEDABAD|AVNI|Firm|40||||||||||||||||||Live|||||0||No||||||||||||
2|BHARAT JOSHI|20203030|49|35435||TERM LOAN||32332|34|12||06-Jan-2025 00:00:00|WEST|GUJARAT|AHMEDABAD|LAXMI|Valuer|16||||||||||||||||||Live|||||0||No||||||||||||
2|BHARAT JOSHI|20203030|51|34343434||SAVING ACCOUNT||3.43434e+007|34|3434||14-Jan-2025 00:00:00|WEST|GUJARAT|AHMEDABAD|GEETA|Valuer|2||PUNE, MAHARASHTRA||||PUNE|MAHARASHTRA|411015||||||||||Live|||||0||No||||||||||||
2|BHARAT JOSHI|20203030|51|34343434||SAVING ACCOUNT||3.43434e+007|34|3434||14-Jan-2025 00:00:00|WEST|GUJARAT|AHMEDABAD|BHUSHAN KALE|Guarantor|42||MUKUND NAGAR, AKOLA||||AKOLA|MAHARASHTRA|444001||||||||||Live|||||0||No||||||||||||
2|BHARAT JOSHI|20203030|51|34343434||SAVING ACCOUNT||3.43434e+007|34|3434||14-Jan-2025 00:00:00|WEST|GUJARAT|AHMEDABAD|POOJA|Firm|17||||||||||||||||||Live|||||0||No||||||||||||
2|BHARAT JOSHI|20203030|61|133113|CTQA|SAVING ACCOUNT|MAHRAJGANJ|231|12|13232||06-Jan-2025 00:00:00|WEST|GUJARAT|AHMEDABAD||||||||||||HDFC Bank|Leader|12|1234|Yes|||||Live|||||90||No|ICICI|2423|121231||||16-Jan-2025||| ||
2|BHARAT JOSHI|20203030|61|133113|CTQA|SAVING ACCOUNT|MAHRAJGANJ|231|12|13232||06-Jan-2025 00:00:00|WEST|GUJARAT|AHMEDABAD||||||||||||HDFC Bank|Leader|12|1234|Yes|||||Live|||||90||No|SBI|2323123|131313||||07-Jan-2025||| ||
2|BHARAT JOSHI|20203030|61|133113|CTQA|SAVING ACCOUNT|ADDRESS1|231|12|13232||06-Jan-2025 00:00:00|WEST|GUJARAT|AHMEDABAD||||||||||||HDFC Bank|Leader|12|1234|Yes|||||Live|||||90||No|ICICI|2423|121231||||16-Jan-2025||| ||
2|BHARAT JOSHI|20203030|61|133113|CTQA|SAVING ACCOUNT|ADDRESS1|231|12|13232||06-Jan-2025 00:00:00|WEST|GUJARAT|AHMEDABAD||||||||||||HDFC Bank|Leader|12|1234|Yes|||||Live|||||90||No|SBI|2323123|131313||||07-Jan-2025||| ||
2|BHARAT JOSHI|20203030|140|LAN501|CTQA|SAVING ACCOUNT||5e+006|10|3.5e+006|01-Apr-2025 00:00:00|02-Apr-2025 00:00:00|WEST|GUJARAT|AHMEDABAD|||||||||||||||||||||Live|||||0||No||||||||||||
2|BHARAT JOSHI|20203030|142|LAN502|CTQA|SAVING ACCOUNT||5e+006|10|4e+006||02-Apr-2025 00:00:00|WEST|GUJARAT|AHMEDABAD|||||||||||||||||||||Live|||||0||No||||||||||||
2|BHARAT JOSHI|20203030|143|LAN510|CTQA|SAVING ACCOUNT||5e+006|10|4e+006||02-Apr-2025 00:00:00|WEST|GUJARAT|AHMEDABAD|||||||||||||||||||||Live|||||0||No||||||||||||
2|BHARAT JOSHI|20203030|144|LAN510|CTQA|SAVING ACCOUNT||5e+006|10|4e+006||02-Apr-2025 00:00:00|WEST|GUJARAT|AHMEDABAD|||||||||||||||||||||Live|||||0||No||||||||||||
2|BHARAT JOSHI|20203030|145|LAN510|CTQA|SAVING ACCOUNT||5e+006|10|4e+006||02-Apr-2025 00:00:00|WEST|GUJARAT|AHMEDABAD|||||||||||||||||||||Live|||||0||No||||||||||||
2|BHARAT JOSHI|20203030|146|LAN510|CTQA|SAVING ACCOUNT||5e+006|10|4e+006||02-Apr-2025 00:00:00|WEST|GUJARAT|AHMEDABAD|AJINKYA|Coborrower|1425||||||||||||||||||Live|||||0||No||||||||||||
2|BHARAT JOSHI|20203030|147|LAN600|CTQA|SAVING ACCOUNT||5e+006|10|4e+006||02-Apr-2025 00:00:00|WEST|GUJARAT|AHMEDABAD|||||||||||||||||||||Live|||||0||No||||||||||||
2|BHARAT JOSHI|20203030|148|LAN600|CTQA|SAVING ACCOUNT||5e+006|10|4e+006||02-Apr-2025 00:00:00|WEST|GUJARAT|AHMEDABAD|||||||||||||||||||||Live|||||0||No||||||||||||
2|BHARAT JOSHI|20203030|149|LAN600|CTQA|SAVING ACCOUNT||5e+006|10|4e+006||02-Apr-2025 00:00:00|WEST|GUJARAT|AHMEDABAD|||||||||||||||||||||Live|||||0||No||||||||||||
2|BHARAT JOSHI|20203030|150|LAN600|CTQA|SAVING ACCOUNT||5e+006|10|4e+006||02-Apr-2025 00:00:00|WEST|GUJARAT|AHMEDABAD|||||||||||||||||||||Live|||||0||No||||||||||||
2|BHARAT JOSHI|20203030|151|LAN600|CTQA|SAVING ACCOUNT||5e+006|10|4e+006||02-Apr-2025 00:00:00|WEST|GUJARAT|AHMEDABAD|||||||||||||||||||||Live|||||0||No||||||||||||
2|BHARAT JOSHI|20203030|152|2C15453|CTQA|SAVING ACCOUNT||5e+006|10|4e+006||02-Apr-2025 00:00:00|WEST|GUJARAT|AHMEDABAD|||||||||||||||||||||Live|||||0||No||||||||||||
2|BHARAT JOSHI|20203030|153|A4A35B2|CTQA|SAVING ACCOUNT||5e+006|10|4e+006||02-Apr-2025 00:00:00|WEST|GUJARAT|AHMEDABAD|||||||||||||||||||||Live|||||0||No||||||||||||
2|BHARAT JOSHI|20203030|154|C41B411|CTQA|SAVING ACCOUNT||5e+006|10|4e+006||02-Apr-2025 00:00:00|WEST|GUJARAT|AHMEDABAD|||||||||||||||||||||Live|||||0||No||||||||||||
2|BHARAT JOSHI|20203030|155|CC2154C|CTQA|SAVING ACCOUNT||5e+006|10|4e+006||02-Apr-2025 00:00:00|WEST|GUJARAT|AHMEDABAD|||||||||||||||||||||Live|||||0||No||||||||||||
2|BHARAT JOSHI|20203030|187|LAN1107|CTQA|SAVING ACCOUNT||5e+006|10|4e+006||01-Mar-2024 00:00:00|WEST|GUJARAT|AHMEDABAD|||||||||||||||||||||Live|||||1||No||||||||||||
3|DIGVIJAY JOSHI|202040|3|LAN4041|CTQA|SAVING ACCOUNT||5e+007|20|3e+007|02-Jan-2024 00:00:00|03-Jan-2024 00:00:00|WEST|MAHARASHTRA|AKOLA|LAXMI|CoApplicant|16||||||||||||||||||Live|||||0||No||||||||||||
3|DIGVIJAY JOSHI|202040|3|LAN4041|CTQA|SAVING ACCOUNT||5e+007|20|3e+007|02-Jan-2024 00:00:00|03-Jan-2024 00:00:00|WEST|MAHARASHTRA|AKOLA|POOJA|Guarantor|17||||||||||||||||||Live|||||0||No||||||||||||
3|DIGVIJAY JOSHI|202040|45|LAN4040-01|CTQA|SAVING ACCOUNT|ADDRESS1|5e+006|9|3.5e+006||08-Jan-2024 00:00:00|WEST|MAHARASHTRA|AKOLA|SHUBHAM MAHAKAL|Guarantor|44||||||||||||||||||Live|||||0||No||||||||||||
3|DIGVIJAY JOSHI|202040|45|LAN4040-01|CTQA|SAVING ACCOUNT|ADDRESS1|5e+006|9|3.5e+006||08-Jan-2024 00:00:00|WEST|MAHARASHTRA|AKOLA|BHUSHAN KALE|Coborrower|42||MUKUND NAGAR, AKOLA||||AKOLA|MAHARASHTRA|444001||||||||||Live|||||0||No||||||||||||
3|DIGVIJAY JOSHI|202040|45|LAN4040-01|CTQA|SAVING ACCOUNT|ADDRESS1|5e+006|9|3.5e+006||08-Jan-2024 00:00:00|WEST|MAHARASHTRA|AKOLA|RUSHIKESH JAYALE|CoApplicant|43||||||||||||||||||Live|||||0||No||||||||||||
3|DIGVIJAY JOSHI|202040|45|LAN4040-01|CTQA|SAVING ACCOUNT|SADFDFDF|5e+006|9|3.5e+006||08-Jan-2024 00:00:00|WEST|MAHARASHTRA|AKOLA|SHUBHAM MAHAKAL|Guarantor|44||||||||||||||||||Live|||||0||No||||||||||||
3|DIGVIJAY JOSHI|202040|45|LAN4040-01|CTQA|SAVING ACCOUNT|SADFDFDF|5e+006|9|3.5e+006||08-Jan-2024 00:00:00|WEST|MAHARASHTRA|AKOLA|BHUSHAN KALE|Coborrower|42||MUKUND NAGAR, AKOLA||||AKOLA|MAHARASHTRA|444001||||||||||Live|||||0||No||||||||||||
3|DIGVIJAY JOSHI|202040|45|LAN4040-01|CTQA|SAVING ACCOUNT|SADFDFDF|5e+006|9|3.5e+006||08-Jan-2024 00:00:00|WEST|MAHARASHTRA|AKOLA|RUSHIKESH JAYALE|CoApplicant|43||||||||||||||||||Live|||||0||No||||||||||||
3|DIGVIJAY JOSHI|202040|45|LAN4040-01|CTQA|SAVING ACCOUNT|ADDRESS123|5e+006|9|3.5e+006||08-Jan-2024 00:00:00|WEST|MAHARASHTRA|AKOLA|SHUBHAM MAHAKAL|Guarantor|44||||||||||||||||||Live|||||0||No||||||||||||
3|DIGVIJAY JOSHI|202040|45|LAN4040-01|CTQA|SAVING ACCOUNT|ADDRESS123|5e+006|9|3.5e+006||08-Jan-2024 00:00:00|WEST|MAHARASHTRA|AKOLA|BHUSHAN KALE|Coborrower|42||MUKUND NAGAR, AKOLA||||AKOLA|MAHARASHTRA|444001||||||||||Live|||||0||No||||||||||||
3|DIGVIJAY JOSHI|202040|45|LAN4040-01|CTQA|SAVING ACCOUNT|ADDRESS123|5e+006|9|3.5e+006||08-Jan-2024 00:00:00|WEST|MAHARASHTRA|AKOLA|RUSHIKESH JAYALE|CoApplicant|43||||||||||||||||||Live|||||0||No||||||||||||
3|DIGVIJAY JOSHI|202040|46|LAN4040-02|CTQA|TERM LOAN||5e+006|12|3.5e+006||09-Jan-2024 00:00:00|WEST|MAHARASHTRA|AKOLA|SHUBHAM MAHAKAL|Guarantor|44||||||||||||||||||Live|||||0||No||||||||||||
3|DIGVIJAY JOSHI|202040|46|LAN4040-02|CTQA|TERM LOAN||5e+006|12|3.5e+006||09-Jan-2024 00:00:00|WEST|MAHARASHTRA|AKOLA|BHUSHAN KALE|Coborrower|42||MUKUND NAGAR, AKOLA||||AKOLA|MAHARASHTRA|444001||||||||||Live|||||0||No||||||||||||
3|DIGVIJAY JOSHI|202040|46|LAN4040-02|CTQA|TERM LOAN||5e+006|12|3.5e+006||09-Jan-2024 00:00:00|WEST|MAHARASHTRA|AKOLA|RUSHIKESH JAYALE|CoApplicant|43||||||||||||||||||Live|||||0||No||||||||||||
5|ANUPAMA|AS_1657|58|2323|CTQA|SAVING ACCOUNT|ASWED|2323|23|3434||06-Jan-2025 00:00:00|WEST|GOA|COLVA|||||||||||||||||||||Live|||||0||No||||||||||||
5|ANUPAMA|AS_1657|58|2323|CTQA|SAVING ACCOUNT|ADDRESS|2323|23|3434||06-Jan-2025 00:00:00|WEST|GOA|COLVA|||||||||||||||||||||Live|||||0||No||||||||||||
5|ANUPAMA|AS_1657|58|2323|CTQA|SAVING ACCOUNT|3433543|2323|23|3434||06-Jan-2025 00:00:00|WEST|GOA|COLVA|||||||||||||||||||||Live|||||0||No||||||||||||
5|ANUPAMA|AS_1657|60|121232|CTQA|SAVING ACCOUNT|ADDRESS|121367|12|2.34568e+006|06-Jan-2025 00:00:00|07-Jan-2025 00:00:00|WEST|GOA|COLVA|||||||||||||||||06-Jan-2025||||Live|12|06-Jan-2025|12|06-Jan-2025|2|06-Jan-2025|Yes||||||||||||
5|ANUPAMA|AS_1657|60|121232|CTQA|SAVING ACCOUNT|ADDRESS1|121367|12|2.34568e+006|06-Jan-2025 00:00:00|07-Jan-2025 00:00:00|WEST|GOA|COLVA|||||||||||||||||06-Jan-2025||||Live|12|06-Jan-2025|12|06-Jan-2025|2|06-Jan-2025|Yes||||||||||||
6|DEVANSHU|DEVANSHU1|6|DEV|CTQA|SAVING ACCOUNT||100000|10|10000|09-Jan-2025 00:00:00|10-Jan-2025 00:00:00|WEST|GOA|COLVA||||||||||||Axis Bank||23|345454|No|||||Live|||||1||No||||||||||||
6|DEVANSHU|DEVANSHU1|6|DEV|CTQA|SAVING ACCOUNT||100000|10|10000|09-Jan-2025 00:00:00|10-Jan-2025 00:00:00|WEST|GOA|COLVA||||||||||||Punjab National Bank|Leader|12|32434|Yes|||||Live|||||1||No||||||||||||
7|SUNIL JOSHI|20205050|7|LAN5051|CTQA|CURRENT ACCOUNT||5e+006|50|3e+006||02-Jan-2025 00:00:00|WEST|MAHARASHTRA|AKOLA|GEETA|Coborrower|2||PUNE, MAHARASHTRA||||PUNE|MAHARASHTRA|411015|HDFC Bank||12|1223|Yes|||||Live|||||0||No|SBI|10012025-01|2.5e+006||10-Oct-2024|NA|02-Feb-2024|Canara|PUNE|Akash|ECS|1001202501
7|SUNIL JOSHI|20205050|7|LAN5051|CTQA|CURRENT ACCOUNT||5e+006|50|3e+006||02-Jan-2025 00:00:00|WEST|MAHARASHTRA|AKOLA|GEETA|Coborrower|2||PUNE, MAHARASHTRA||||PUNE|MAHARASHTRA|411015|State Bank of India|Leader|12|1234|Yes|||||Live|||||0||No|SBI|10012025-01|2.5e+006||10-Oct-2024|NA|02-Feb-2024|Canara|PUNE|Akash|ECS|1001202501
7|SUNIL JOSHI|20205050|57|22SFG23|CTQA|SAVING ACCOUNT|WWEWE|12323|13|23243||06-Jan-2025 00:00:00|WEST|MAHARASHTRA|AKOLA|||||||||||||||||||||Live|||||0||No||||||||||||
7|SUNIL JOSHI|20205050|57|22SFG23|CTQA|SAVING ACCOUNT|DEV123|12323|13|23243||06-Jan-2025 00:00:00|WEST|MAHARASHTRA|AKOLA|||||||||||||||||||||Live|||||0||No||||||||||||
7|SUNIL JOSHI|20205050|57|22SFG23|CTQA|SAVING ACCOUNT|SERFER|12323|13|23243||06-Jan-2025 00:00:00|WEST|MAHARASHTRA|AKOLA|||||||||||||||||||||Live|||||0||No||||||||||||
7|SUNIL JOSHI|20205050|57|22SFG23|CTQA|SAVING ACCOUNT|ADDRESS1|12323|13|23243||06-Jan-2025 00:00:00|WEST|MAHARASHTRA|AKOLA|||||||||||||||||||||Live|||||0||No||||||||||||
8|GUS|21125|8|G1|CTQA|SAVING ACCOUNT||4e+007|11|5e+007||01-Jan-2025 00:00:00|WEST|MAHARASHTRA|MUMBAI|||||||||||||||||||||Live|||||0||No|SBI|INS VR3212|1000|ECS Details|03-Jan-2025|NA|01-Jan-2025|PNB|PUNE|CSG|ECS|MICR123456
8|GUS|21125|8|G1|CTQA|SAVING ACCOUNT||4e+007|11|5e+007||01-Jan-2025 00:00:00|WEST|MAHARASHTRA|MUMBAI|||||||||||||||||||||Live|||||0||No|SBI|1234567|20000|Test|01-Apr-2025|NA|01-May-2025|Canara|LATUR|SAGB |ECS|234567
8|GUS|21125|8|G1|CTQA|SAVING ACCOUNT||4e+007|11|5e+007||01-Jan-2025 00:00:00|WEST|MAHARASHTRA|MUMBAI|||||||||||||||||||||Live|||||0||No|SBI|INS VR32123S|1000|ECS Details|03-Jan-2025|NA|01-Jan-2025|PNB|PUNE|CSG|ECS|MICR123456
8|GUS|21125|8|G1|CTQA|SAVING ACCOUNT||4e+007|11|5e+007||01-Jan-2025 00:00:00|WEST|MAHARASHTRA|MUMBAI|||||||||||||||||||||Live|||||0||No|SBI|INS VR321|1000|ECS Details||NA|01-Jan-2025|PNB|PUNE|CSG|ECS|MICR123456
8|GUS|21125|8|G1|CTQA|SAVING ACCOUNT||4e+007|11|5e+007||01-Jan-2025 00:00:00|WEST|MAHARASHTRA|MUMBAI|||||||||||||||||||||Live|||||0||No|SBI|INS VR32123S1|1000|ECS Details|03-Jan-2024|NA|01-Jan-2025|PNB|PUNE|CSG|ECS|MICR123456
8|GUS|21125|9|G2|CTQA|SAVING ACCOUNT||1.2e+006|10|300000||01-Jan-2024 00:00:00|WEST|MAHARASHTRA|KHED|||||||||||||||||||||Live|||||0||No||||||||||||
8|GUS|21125|10|G7|CTQA|SAVING ACCOUNT||1.2e+006|10|300000||01-Jan-2024 00:00:00|WEST|MAHARASHTRA|SANGLI|||||||||||||||||||||Live|||||0||No||||||||||||
8|GUS|21125|11|G10|CTQA|SAVING ACCOUNT||1.2e+006|10|300000||01-Jan-2024 00:00:00|WEST|MAHARASHTRA|KOLHAPUR|||||||||||||||||||||Live|||||0||No||||||||||||
8|GUS|21125|12|G12|CTQA|SAVING ACCOUNT||1.2e+006|10|300000||01-Jan-2024 00:00:00|WEST|MAHARASHTRA|PALGHAR|||||||||||||||||||||Live|||||0||No||||||||||||
8|GUS|21125|13|G16|CTQA|SAVING ACCOUNT||1.2e+006|10|300000||01-Jan-2024 00:00:00|WEST|MAHARASHTRA|NASHIK|||||||||||||||||||||Live|||||0||No||||||||||||
8|GUS|21125|14|G4|CTQA|SAVING ACCOUNT||1.2e+006|10|300000||01-Jan-2024 00:00:00|WEST|MAHARASHTRA|LATUR|||||||||||||||||||||Live|||||0||No||||||||||||
8|GUS|21125|15|G11|CTQA|SAVING ACCOUNT||1.2e+006|10|300000||01-Jan-2024 00:00:00|WEST|MAHARASHTRA|THANE|||||||||||||||||||||Live|||||0||No||||||||||||
8|GUS|21125|16|G5|CTQA|SAVING ACCOUNT||1.2e+006|10|300000||01-Jan-2024 00:00:00|WEST|MAHARASHTRA|PUNE|||||||||||||||||||||Live|||||0||No||||||||||||
8|GUS|21125|17|G13|CTQA|SAVING ACCOUNT||1.2e+006|10|300000||01-Jan-2024 00:00:00|WEST|MAHARASHTRA|RAIGAD|||||||||||||||||||||Live|||||35||No||||||||||||
8|GUS|21125|18|G14|CTQA|SAVING ACCOUNT||1.2e+006|10|300000||01-Jan-2024 00:00:00|WEST|MAHARASHTRA|RATNAGIRI|||||||||||||||||||||Live|||||0||No||||||||||||
8|GUS|21125|19|G17|CTQA|SAVING ACCOUNT||1.2e+006|10|300000||01-Jan-2024 00:00:00|NORTH|CHHATTISGARH|DHAMTARI|||||||||||||||||||||Live|||||98||No||||||||||||
8|GUS|21125|20|G15|CTQA|SAVING ACCOUNT||1.2e+006|10|300000||01-Jan-2024 00:00:00|WEST|MAHARASHTRA|SINDHUDURG|||||||||||||||||||||Live|||||0||No||||||||||||
8|GUS|21125|21|G3|CTQA|SAVING ACCOUNT||1.2e+006|10|300000||01-Jan-2024 00:00:00|WEST|MAHARASHTRA|AKOLA|||||||||||||||||||||Live|||||0||No||||||||||||
8|GUS|21125|22|G9|CTQA|SAVING ACCOUNT||1.2e+006|10|300000||01-Jan-2024 00:00:00|WEST|MAHARASHTRA|SOLAPUR|||||||||||||||||||||Live|||||0||No||||||||||||
8|GUS|21125|23|G6|CTQA|SAVING ACCOUNT||1.2e+006|10|300000||01-Jan-2024 00:00:00|WEST|MAHARASHTRA|MUMBAI|||||||||||||||||||||Live|||||0||No||||||||||||
8|GUS|21125|24|G8|CTQA|SAVING ACCOUNT||1.2e+006|10|300000||01-Jan-2024 00:00:00|WEST|MAHARASHTRA|SATARA|||||||||||||||||||||Live|||||0||No||||||||||||
8|GUS|21125|41|G18|CTQA|SAVING ACCOUNT||4e+007|12|4e+007|||WEST|MAHARASHTRA|MUMBAI|||||||||||||||||||||Live|||||0||No||||||||||||
8|GUS|21125|141|G21|CTQA|SAVING ACCOUNT||2e+007|10|5e+007||06-Apr-2025 00:00:00|WEST|MAHARASHTRA|MUMBAI|||||||||||||||||||||Live|||||0||No||||||||||||
9|JACK|23125|25|J2|CTQA|SAVING ACCOUNT||1.2e+006|10|300000||01-Jan-2024 00:00:00|WEST|MAHARASHTRA|AKOLA|||||||||||||||||||||Live|||||92||No||||||||||||
9|JACK|23125|26|J1|CTQA|SAVING ACCOUNT||1.2e+006|10|300000||01-Jan-2024 00:00:00|WEST|MAHARASHTRA|KHED|||||||||||||||||||||Live|||||91||No||||||||||||
9|JACK|23125|27|J13|CTQA|SAVING ACCOUNT||1.2e+006|10|300000||01-Jan-2024 00:00:00|WEST|GOA|PONDA|||||||||||||||||||||Live|||||103||No||||||||||||
9|JACK|23125|28|J10|CTQA|SAVING ACCOUNT||1.2e+006|10|300000||01-Jan-2024 00:00:00|SOUTH|KERALA|KANNUR|||||||||||||||||||||Live|||||100||No||||||||||||
9|JACK|23125|29|J12|CTQA|SAVING ACCOUNT||1.2e+006|10|300000||01-Jan-2024 00:00:00|NORTH|CHHATTISGARH|DHAMTARI|||||||||||||||||||||Live|||||102||No||||||||||||
9|JACK|23125|30|J5|CTQA|SAVING ACCOUNT||1.2e+006|10|300000||01-Jan-2024 00:00:00|WEST|MAHARASHTRA|MUMBAI|||||||||||||||||||||Live|||||95||No||||||||||||
9|JACK|23125|31|J3|CTQA|SAVING ACCOUNT||1.2e+006|10|300000||01-Jan-2024 00:00:00|WEST|MAHARASHTRA|LATUR|||||||||||||||||||||Live|||||93||No||||||||||||
9|JACK|23125|32|J4|CTQA|SAVING ACCOUNT||1.2e+006|10|300000||01-Jan-2024 00:00:00|WEST|MAHARASHTRA|PUNE|||||||||||||||||||||Live|||||94||No||||||||||||
9|JACK|23125|33|J16|CTQA|SAVING ACCOUNT||1.2e+006|10|300000||01-Jan-2024 00:00:00|NORTH|DELHI|GHAZIABAD|||||||||||||||||||||Live|||||106||No||||||||||||
9|JACK|23125|34|J9|CTQA|SAVING ACCOUNT||1.2e+006|10|300000||01-Jan-2024 00:00:00|SOUTH|KARNATAKA|BANGALORE|||||||||||||||||||||Live|||||99||No||||||||||||
9|JACK|23125|35|J14|CTQA|SAVING ACCOUNT||1.2e+006|10|300000||01-Jan-2024 00:00:00|WEST|GUJARAT|NAVSARI|||||||||||||||||||||Live|||||104||No||||||||||||
9|JACK|23125|36|J8|CTQA|SAVING ACCOUNT||1.2e+006|10|300000||01-Jan-2024 00:00:00|SOUTH|KERALA|ERNAKULAM|||||||||||||||||||||Live|||||98||No||||||||||||
9|JACK|23125|37|J7|CTQA|SAVING ACCOUNT||1.2e+006|10|300000||01-Jan-2024 00:00:00|SOUTH|TAMIL NADU|COIMBATORE|||||||||||||||||||||Live|||||97||No||||||||||||
9|JACK|23125|38|J15|CTQA|SAVING ACCOUNT||1.2e+006|10|300000||01-Jan-2024 00:00:00|NORTH|DELHI|DELHI|||||||||||||||||||||Live|||||105||No||||||||||||
9|JACK|23125|39|J11|CTQA|SAVING ACCOUNT||1.2e+006|10|300000||01-Jan-2024 00:00:00|NORTH|CHHATTISGARH|BILASPUR|||||||||||||||||||||Live|||||0||No||||||||||||
9|JACK|23125|50|3543543||TERM LOAN||32332|34|12||06-Jan-2025 00:00:00|WEST|MAHARASHTRA|LATUR|LAXMI|Advocate|16||||||||||||||||||Live|||||0||No||||||||||||
9|JACK|23125|54|24343|CTQA|SAVING ACCOUNT||23232|12|2324||06-Jan-2025 00:00:00|WEST|MAHARASHTRA|LATUR|||||||||||||||||||||Live|||||0||No||||||||||||
9|JACK|23125|55|2343|CTQA|SAVING ACCOUNT||22323|12|232324||13-Jan-2025 00:00:00|WEST|MAHARASHTRA|LATUR|||||||||||||||||||||Live|||||0||No||||||||||||
9|JACK|23125|64|233434||SAVING ACCOUNT||32224|23|2.32323e+006||07-Jan-2025 00:00:00|WEST|MAHARASHTRA|LATUR|POOJA|Valuer|17||||||||||||||||||Live|||||0||No||||||||||||
9|JACK|23125|64|233434||SAVING ACCOUNT|DEV|32224|23|2.32323e+006||07-Jan-2025 00:00:00|WEST|MAHARASHTRA|LATUR|POOJA|Valuer|17||||||||||||||||||Live|||||0||No||||||||||||
10|RIYA|RY01|42|989099|CTQA|TERM LOAN|DELHI|679000|4|78900|01-Jan-2025 00:00:00|02-Jan-2025 00:00:00|NORTH|DELHI|DELHI|KAIRA|CoApplicant|1||||||||||||||||||Live|||||0|31-Jan-2025|No||||||||||||
10|RIYA|RY01|42|989099|CTQA|TERM LOAN|DELHI|679000|4|78900|01-Jan-2025 00:00:00|02-Jan-2025 00:00:00|NORTH|DELHI|DELHI|AVNI|Coborrower|40||||||||||||||||||Live|||||0|31-Jan-2025|No||||||||||||
10|RIYA|RY01|42|989099|CTQA|TERM LOAN|DELHI|679000|4|78900|01-Jan-2025 00:00:00|02-Jan-2025 00:00:00|NORTH|DELHI|DELHI|GEETA|Guarantor|2||PUNE, MAHARASHTRA||||PUNE|MAHARASHTRA|411015||||||||||Live|||||0|31-Jan-2025|No||||||||||||
10|RIYA|RY01|68|ACC121PLUS|CTQA|HOME LOAN|DELHI|1e+006|1|10000||01-Feb-2023 00:00:00|NORTH|DELHI|DELHI|||||||||||||||||||||Live|||||121||No||||||||||||
11|SEEMA|ST01|43|989011|CTQA|SAVING ACCOUNT|MUMBAI|23123|5|32145|01-Jan-2025 00:00:00|03-Jan-2025 00:00:00|WEST|MAHARASHTRA|KHED|KAIRA|CoApplicant|1||||||||||||||||||Live|||||0|31-Jan-2025|No||||||||||||
11|SEEMA|ST01|43|989011|CTQA|SAVING ACCOUNT|MUMBAI|23123|5|32145|01-Jan-2025 00:00:00|03-Jan-2025 00:00:00|WEST|MAHARASHTRA|KHED|AVNI|Coborrower|40||||||||||||||||||Live|||||0|31-Jan-2025|No||||||||||||
11|SEEMA|ST01|43|989011|CTQA|SAVING ACCOUNT|MUMBAI|23123|5|32145|01-Jan-2025 00:00:00|03-Jan-2025 00:00:00|WEST|MAHARASHTRA|KHED|GEETA|Guarantor|2||PUNE, MAHARASHTRA||||PUNE|MAHARASHTRA|411015||||||||||Live|||||0|31-Jan-2025|No||||||||||||
11|SEEMA|ST01|44|989022|CTQA|PERSONAL LOAN|MUMBAI|342111|4|12123|01-Jan-2025 00:00:00|02-Jan-2025 00:00:00|WEST|MAHARASHTRA|KHED|AVNI|Coborrower|40||||||||||||||||||Live|||||0|31-Jan-2025|No||||||||||||
11|SEEMA|ST01|44|989022|CTQA|PERSONAL LOAN|MUMBAI|342111|4|12123|01-Jan-2025 00:00:00|02-Jan-2025 00:00:00|WEST|MAHARASHTRA|KHED|GEETA|Guarantor|2||PUNE, MAHARASHTRA||||PUNE|MAHARASHTRA|411015||||||||||Live|||||0|31-Jan-2025|No||||||||||||
11|SEEMA|ST01|44|989022|CTQA|PERSONAL LOAN|MUMBAI|342111|4|12123|01-Jan-2025 00:00:00|02-Jan-2025 00:00:00|WEST|MAHARASHTRA|KHED|LAXMI|CoApplicant|16||||||||||||||||||Live|||||0|31-Jan-2025|No||||||||||||
11|SEEMA|ST01|67|ACC61PLUS|CTQA|SAVING ACCOUNT|MUMBAI|10000|1|100||02-Feb-2022 00:00:00|WEST|MAHARASHTRA|KHED|||||||||||||||||||||Live|||||61||No||||||||||||
12|LEENA|LNT01|47|LNTACC01|CTQA|HOME LOAN||189790|6|87690|01-Jan-2025 00:00:00|02-Jan-2025 00:00:00|WEST|MAHARASHTRA|PUNE|||||||||||||||||||||Live|||||0||No||||||||||||
13|NEELAM|LNT02|48|LNTACC02|CTQA|HOME LOAN||189790|6|87690|01-Jan-2025 00:00:00|02-Jan-2025 00:00:00|WEST|MAHARASHTRA|PUNE|||||||||||||||||||||Live|||||150||No||||||||||||
14|CN02012025-01|20203035|56|WQWQ23|CTQA|SAVING ACCOUNT||12|23|23232||07-Jan-2025 00:00:00|WEST|MAHARASHTRA|AKOLA|||||||||||||||||||||Live|||||0||No||||||||||||
14|CN02012025-01|20203035|65|DEV885818|CTQA|SAVING ACCOUNT||100000|5|3.24568e+006|04-Jan-2025 00:00:00|06-Jan-2025 00:00:00|WEST|MAHARASHTRA|AKOLA|SHUBHAM MAHAKAL|Firm|44|||||||||Canara Bank||23|344448|Yes|13-Jan-2025||||Live|12|06-Jan-2025|22|13-Jan-2025|1|07-Jan-2025|Yes|ICICI|1212|1212||09-Jan-2025||14-Jan-2025||| ||
14|CN02012025-01|20203035|65|DEV885818|CTQA|SAVING ACCOUNT||100000|5|3.24568e+006|04-Jan-2025 00:00:00|06-Jan-2025 00:00:00|WEST|MAHARASHTRA|AKOLA|SHUBHAM MAHAKAL|Firm|44|||||||||HDFC Bank||23|249876|Yes|13-Jan-2025||||Live|12|06-Jan-2025|22|13-Jan-2025|1|07-Jan-2025|Yes|ICICI|1212|1212||09-Jan-2025||14-Jan-2025||| ||
14|CN02012025-01|20203035|65|DEV885818|CTQA|SAVING ACCOUNT||100000|5|3.24568e+006|04-Jan-2025 00:00:00|06-Jan-2025 00:00:00|WEST|MAHARASHTRA|AKOLA|SHUBHAM MAHAKAL|Firm|44|||||||||State Bank of India|Leader|12|122889|Yes|13-Jan-2025||||Live|12|06-Jan-2025|22|13-Jan-2025|1|07-Jan-2025|Yes|ICICI|1212|1212||09-Jan-2025||14-Jan-2025||| ||
14|CN02012025-01|20203035|65|DEV885818|CTQA|SAVING ACCOUNT||100000|5|3.24568e+006|04-Jan-2025 00:00:00|06-Jan-2025 00:00:00|WEST|MAHARASHTRA|AKOLA|AVNI|Firm|40|||||||||Canara Bank||23|344448|Yes|13-Jan-2025||||Live|12|06-Jan-2025|22|13-Jan-2025|1|07-Jan-2025|Yes|ICICI|1212|1212||09-Jan-2025||14-Jan-2025||| ||
14|CN02012025-01|20203035|65|DEV885818|CTQA|SAVING ACCOUNT||100000|5|3.24568e+006|04-Jan-2025 00:00:00|06-Jan-2025 00:00:00|WEST|MAHARASHTRA|AKOLA|AVNI|Firm|40|||||||||HDFC Bank||23|249876|Yes|13-Jan-2025||||Live|12|06-Jan-2025|22|13-Jan-2025|1|07-Jan-2025|Yes|ICICI|1212|1212||09-Jan-2025||14-Jan-2025||| ||
14|CN02012025-01|20203035|65|DEV885818|CTQA|SAVING ACCOUNT||100000|5|3.24568e+006|04-Jan-2025 00:00:00|06-Jan-2025 00:00:00|WEST|MAHARASHTRA|AKOLA|AVNI|Firm|40|||||||||State Bank of India|Leader|12|122889|Yes|13-Jan-2025||||Live|12|06-Jan-2025|22|13-Jan-2025|1|07-Jan-2025|Yes|ICICI|1212|1212||09-Jan-2025||14-Jan-2025||| ||
14|CN02012025-01|20203035|65|DEV885818|CTQA|SAVING ACCOUNT||100000|5|3.24568e+006|04-Jan-2025 00:00:00|06-Jan-2025 00:00:00|WEST|MAHARASHTRA|AKOLA|GEETA|Firm|2||PUNE, MAHARASHTRA||||PUNE|MAHARASHTRA|411015|Canara Bank||23|344448|Yes|13-Jan-2025||||Live|12|06-Jan-2025|22|13-Jan-2025|1|07-Jan-2025|Yes|ICICI|1212|1212||09-Jan-2025||14-Jan-2025||| ||
14|CN02012025-01|20203035|65|DEV885818|CTQA|SAVING ACCOUNT||100000|5|3.24568e+006|04-Jan-2025 00:00:00|06-Jan-2025 00:00:00|WEST|MAHARASHTRA|AKOLA|GEETA|Firm|2||PUNE, MAHARASHTRA||||PUNE|MAHARASHTRA|411015|HDFC Bank||23|249876|Yes|13-Jan-2025||||Live|12|06-Jan-2025|22|13-Jan-2025|1|07-Jan-2025|Yes|ICICI|1212|1212||09-Jan-2025||14-Jan-2025||| ||
14|CN02012025-01|20203035|65|DEV885818|CTQA|SAVING ACCOUNT||100000|5|3.24568e+006|04-Jan-2025 00:00:00|06-Jan-2025 00:00:00|WEST|MAHARASHTRA|AKOLA|GEETA|Firm|2||PUNE, MAHARASHTRA||||PUNE|MAHARASHTRA|411015|State Bank of India|Leader|12|122889|Yes|13-Jan-2025||||Live|12|06-Jan-2025|22|13-Jan-2025|1|07-Jan-2025|Yes|ICICI|1212|1212||09-Jan-2025||14-Jan-2025||| ||
14|CN02012025-01|20203035|65|DEV885818|CTQA|SAVING ACCOUNT||100000|5|3.24568e+006|04-Jan-2025 00:00:00|06-Jan-2025 00:00:00|WEST|MAHARASHTRA|AKOLA|BHUSHAN KALE|Firm|42||MUKUND NAGAR, AKOLA||||AKOLA|MAHARASHTRA|444001|Canara Bank||23|344448|Yes|13-Jan-2025||||Live|12|06-Jan-2025|22|13-Jan-2025|1|07-Jan-2025|Yes|ICICI|1212|1212||09-Jan-2025||14-Jan-2025||| ||
14|CN02012025-01|20203035|65|DEV885818|CTQA|SAVING ACCOUNT||100000|5|3.24568e+006|04-Jan-2025 00:00:00|06-Jan-2025 00:00:00|WEST|MAHARASHTRA|AKOLA|BHUSHAN KALE|Firm|42||MUKUND NAGAR, AKOLA||||AKOLA|MAHARASHTRA|444001|HDFC Bank||23|249876|Yes|13-Jan-2025||||Live|12|06-Jan-2025|22|13-Jan-2025|1|07-Jan-2025|Yes|ICICI|1212|1212||09-Jan-2025||14-Jan-2025||| ||
14|CN02012025-01|20203035|65|DEV885818|CTQA|SAVING ACCOUNT||100000|5|3.24568e+006|04-Jan-2025 00:00:00|06-Jan-2025 00:00:00|WEST|MAHARASHTRA|AKOLA|BHUSHAN KALE|Firm|42||MUKUND NAGAR, AKOLA||||AKOLA|MAHARASHTRA|444001|State Bank of India|Leader|12|122889|Yes|13-Jan-2025||||Live|12|06-Jan-2025|22|13-Jan-2025|1|07-Jan-2025|Yes|ICICI|1212|1212||09-Jan-2025||14-Jan-2025||| ||
14|CN02012025-01|20203035|65|DEV885818|CTQA|SAVING ACCOUNT||100000|5|3.24568e+006|04-Jan-2025 00:00:00|06-Jan-2025 00:00:00|WEST|MAHARASHTRA|AKOLA|LAXMI|CoApplicant|16|||||||||Canara Bank||23|344448|Yes|13-Jan-2025||||Live|12|06-Jan-2025|22|13-Jan-2025|1|07-Jan-2025|Yes|ICICI|1212|1212||09-Jan-2025||14-Jan-2025||| ||
14|CN02012025-01|20203035|65|DEV885818|CTQA|SAVING ACCOUNT||100000|5|3.24568e+006|04-Jan-2025 00:00:00|06-Jan-2025 00:00:00|WEST|MAHARASHTRA|AKOLA|LAXMI|CoApplicant|16|||||||||HDFC Bank||23|249876|Yes|13-Jan-2025||||Live|12|06-Jan-2025|22|13-Jan-2025|1|07-Jan-2025|Yes|ICICI|1212|1212||09-Jan-2025||14-Jan-2025||| ||
14|CN02012025-01|20203035|65|DEV885818|CTQA|SAVING ACCOUNT||100000|5|3.24568e+006|04-Jan-2025 00:00:00|06-Jan-2025 00:00:00|WEST|MAHARASHTRA|AKOLA|LAXMI|CoApplicant|16|||||||||State Bank of India|Leader|12|122889|Yes|13-Jan-2025||||Live|12|06-Jan-2025|22|13-Jan-2025|1|07-Jan-2025|Yes|ICICI|1212|1212||09-Jan-2025||14-Jan-2025||| ||
14|CN02012025-01|20203035|65|DEV885818|CTQA|SAVING ACCOUNT|PUNA|100000|5|3.24568e+006|04-Jan-2025 00:00:00|06-Jan-2025 00:00:00|WEST|MAHARASHTRA|AKOLA|SHUBHAM MAHAKAL|Firm|44|||||||||Canara Bank||23|344448|Yes|13-Jan-2025||||Live|12|06-Jan-2025|22|13-Jan-2025|1|07-Jan-2025|Yes|ICICI|1212|1212||09-Jan-2025||14-Jan-2025||| ||
14|CN02012025-01|20203035|65|DEV885818|CTQA|SAVING ACCOUNT|PUNA|100000|5|3.24568e+006|04-Jan-2025 00:00:00|06-Jan-2025 00:00:00|WEST|MAHARASHTRA|AKOLA|SHUBHAM MAHAKAL|Firm|44|||||||||HDFC Bank||23|249876|Yes|13-Jan-2025||||Live|12|06-Jan-2025|22|13-Jan-2025|1|07-Jan-2025|Yes|ICICI|1212|1212||09-Jan-2025||14-Jan-2025||| ||
14|CN02012025-01|20203035|65|DEV885818|CTQA|SAVING ACCOUNT|PUNA|100000|5|3.24568e+006|04-Jan-2025 00:00:00|06-Jan-2025 00:00:00|WEST|MAHARASHTRA|AKOLA|SHUBHAM MAHAKAL|Firm|44|||||||||State Bank of India|Leader|12|122889|Yes|13-Jan-2025||||Live|12|06-Jan-2025|22|13-Jan-2025|1|07-Jan-2025|Yes|ICICI|1212|1212||09-Jan-2025||14-Jan-2025||| ||
14|CN02012025-01|20203035|65|DEV885818|CTQA|SAVING ACCOUNT|PUNA|100000|5|3.24568e+006|04-Jan-2025 00:00:00|06-Jan-2025 00:00:00|WEST|MAHARASHTRA|AKOLA|AVNI|Firm|40|||||||||Canara Bank||23|344448|Yes|13-Jan-2025||||Live|12|06-Jan-2025|22|13-Jan-2025|1|07-Jan-2025|Yes|ICICI|1212|1212||09-Jan-2025||14-Jan-2025||| ||
14|CN02012025-01|20203035|65|DEV885818|CTQA|SAVING ACCOUNT|PUNA|100000|5|3.24568e+006|04-Jan-2025 00:00:00|06-Jan-2025 00:00:00|WEST|MAHARASHTRA|AKOLA|AVNI|Firm|40|||||||||HDFC Bank||23|249876|Yes|13-Jan-2025||||Live|12|06-Jan-2025|22|13-Jan-2025|1|07-Jan-2025|Yes|ICICI|1212|1212||09-Jan-2025||14-Jan-2025||| ||
14|CN02012025-01|20203035|65|DEV885818|CTQA|SAVING ACCOUNT|PUNA|100000|5|3.24568e+006|04-Jan-2025 00:00:00|06-Jan-2025 00:00:00|WEST|MAHARASHTRA|AKOLA|AVNI|Firm|40|||||||||State Bank of India|Leader|12|122889|Yes|13-Jan-2025||||Live|12|06-Jan-2025|22|13-Jan-2025|1|07-Jan-2025|Yes|ICICI|1212|1212||09-Jan-2025||14-Jan-2025||| ||
14|CN02012025-01|20203035|65|DEV885818|CTQA|SAVING ACCOUNT|PUNA|100000|5|3.24568e+006|04-Jan-2025 00:00:00|06-Jan-2025 00:00:00|WEST|MAHARASHTRA|AKOLA|GEETA|Firm|2||PUNE, MAHARASHTRA||||PUNE|MAHARASHTRA|411015|Canara Bank||23|344448|Yes|13-Jan-2025||||Live|12|06-Jan-2025|22|13-Jan-2025|1|07-Jan-2025|Yes|ICICI|1212|1212||09-Jan-2025||14-Jan-2025||| ||
14|CN02012025-01|20203035|65|DEV885818|CTQA|SAVING ACCOUNT|PUNA|100000|5|3.24568e+006|04-Jan-2025 00:00:00|06-Jan-2025 00:00:00|WEST|MAHARASHTRA|AKOLA|GEETA|Firm|2||PUNE, MAHARASHTRA||||PUNE|MAHARASHTRA|411015|HDFC Bank||23|249876|Yes|13-Jan-2025||||Live|12|06-Jan-2025|22|13-Jan-2025|1|07-Jan-2025|Yes|ICICI|1212|1212||09-Jan-2025||14-Jan-2025||| ||
14|CN02012025-01|20203035|65|DEV885818|CTQA|SAVING ACCOUNT|PUNA|100000|5|3.24568e+006|04-Jan-2025 00:00:00|06-Jan-2025 00:00:00|WEST|MAHARASHTRA|AKOLA|GEETA|Firm|2||PUNE, MAHARASHTRA||||PUNE|MAHARASHTRA|411015|State Bank of India|Leader|12|122889|Yes|13-Jan-2025||||Live|12|06-Jan-2025|22|13-Jan-2025|1|07-Jan-2025|Yes|ICICI|1212|1212||09-Jan-2025||14-Jan-2025||| ||
14|CN02012025-01|20203035|65|DEV885818|CTQA|SAVING ACCOUNT|PUNA|100000|5|3.24568e+006|04-Jan-2025 00:00:00|06-Jan-2025 00:00:00|WEST|MAHARASHTRA|AKOLA|BHUSHAN KALE|Firm|42||MUKUND NAGAR, AKOLA||||AKOLA|MAHARASHTRA|444001|Canara Bank||23|344448|Yes|13-Jan-2025||||Live|12|06-Jan-2025|22|13-Jan-2025|1|07-Jan-2025|Yes|ICICI|1212|1212||09-Jan-2025||14-Jan-2025||| ||
14|CN02012025-01|20203035|65|DEV885818|CTQA|SAVING ACCOUNT|PUNA|100000|5|3.24568e+006|04-Jan-2025 00:00:00|06-Jan-2025 00:00:00|WEST|MAHARASHTRA|AKOLA|BHUSHAN KALE|Firm|42||MUKUND NAGAR, AKOLA||||AKOLA|MAHARASHTRA|444001|HDFC Bank||23|249876|Yes|13-Jan-2025||||Live|12|06-Jan-2025|22|13-Jan-2025|1|07-Jan-2025|Yes|ICICI|1212|1212||09-Jan-2025||14-Jan-2025||| ||
14|CN02012025-01|20203035|65|DEV885818|CTQA|SAVING ACCOUNT|PUNA|100000|5|3.24568e+006|04-Jan-2025 00:00:00|06-Jan-2025 00:00:00|WEST|MAHARASHTRA|AKOLA|BHUSHAN KALE|Firm|42||MUKUND NAGAR, AKOLA||||AKOLA|MAHARASHTRA|444001|State Bank of India|Leader|12|122889|Yes|13-Jan-2025||||Live|12|06-Jan-2025|22|13-Jan-2025|1|07-Jan-2025|Yes|ICICI|1212|1212||09-Jan-2025||14-Jan-2025||| ||
14|CN02012025-01|20203035|65|DEV885818|CTQA|SAVING ACCOUNT|PUNA|100000|5|3.24568e+006|04-Jan-2025 00:00:00|06-Jan-2025 00:00:00|WEST|MAHARASHTRA|AKOLA|LAXMI|CoApplicant|16|||||||||Canara Bank||23|344448|Yes|13-Jan-2025||||Live|12|06-Jan-2025|22|13-Jan-2025|1|07-Jan-2025|Yes|ICICI|1212|1212||09-Jan-2025||14-Jan-2025||| ||
14|CN02012025-01|20203035|65|DEV885818|CTQA|SAVING ACCOUNT|PUNA|100000|5|3.24568e+006|04-Jan-2025 00:00:00|06-Jan-2025 00:00:00|WEST|MAHARASHTRA|AKOLA|LAXMI|CoApplicant|16|||||||||HDFC Bank||23|249876|Yes|13-Jan-2025||||Live|12|06-Jan-2025|22|13-Jan-2025|1|07-Jan-2025|Yes|ICICI|1212|1212||09-Jan-2025||14-Jan-2025||| ||
14|CN02012025-01|20203035|65|DEV885818|CTQA|SAVING ACCOUNT|PUNA|100000|5|3.24568e+006|04-Jan-2025 00:00:00|06-Jan-2025 00:00:00|WEST|MAHARASHTRA|AKOLA|LAXMI|CoApplicant|16|||||||||State Bank of India|Leader|12|122889|Yes|13-Jan-2025||||Live|12|06-Jan-2025|22|13-Jan-2025|1|07-Jan-2025|Yes|ICICI|1212|1212||09-Jan-2025||14-Jan-2025||| ||
14|CN02012025-01|20203035|65|DEV885818|CTQA|SAVING ACCOUNT|KANPUR|100000|5|3.24568e+006|04-Jan-2025 00:00:00|06-Jan-2025 00:00:00|WEST|MAHARASHTRA|AKOLA|SHUBHAM MAHAKAL|Firm|44|||||||||Canara Bank||23|344448|Yes|13-Jan-2025||||Live|12|06-Jan-2025|22|13-Jan-2025|1|07-Jan-2025|Yes|ICICI|1212|1212||09-Jan-2025||14-Jan-2025||| ||
14|CN02012025-01|20203035|65|DEV885818|CTQA|SAVING ACCOUNT|KANPUR|100000|5|3.24568e+006|04-Jan-2025 00:00:00|06-Jan-2025 00:00:00|WEST|MAHARASHTRA|AKOLA|SHUBHAM MAHAKAL|Firm|44|||||||||HDFC Bank||23|249876|Yes|13-Jan-2025||||Live|12|06-Jan-2025|22|13-Jan-2025|1|07-Jan-2025|Yes|ICICI|1212|1212||09-Jan-2025||14-Jan-2025||| ||
14|CN02012025-01|20203035|65|DEV885818|CTQA|SAVING ACCOUNT|KANPUR|100000|5|3.24568e+006|04-Jan-2025 00:00:00|06-Jan-2025 00:00:00|WEST|MAHARASHTRA|AKOLA|SHUBHAM MAHAKAL|Firm|44|||||||||State Bank of India|Leader|12|122889|Yes|13-Jan-2025||||Live|12|06-Jan-2025|22|13-Jan-2025|1|07-Jan-2025|Yes|ICICI|1212|1212||09-Jan-2025||14-Jan-2025||| ||
14|CN02012025-01|20203035|65|DEV885818|CTQA|SAVING ACCOUNT|KANPUR|100000|5|3.24568e+006|04-Jan-2025 00:00:00|06-Jan-2025 00:00:00|WEST|MAHARASHTRA|AKOLA|AVNI|Firm|40|||||||||Canara Bank||23|344448|Yes|13-Jan-2025||||Live|12|06-Jan-2025|22|13-Jan-2025|1|07-Jan-2025|Yes|ICICI|1212|1212||09-Jan-2025||14-Jan-2025||| ||
14|CN02012025-01|20203035|65|DEV885818|CTQA|SAVING ACCOUNT|KANPUR|100000|5|3.24568e+006|04-Jan-2025 00:00:00|06-Jan-2025 00:00:00|WEST|MAHARASHTRA|AKOLA|AVNI|Firm|40|||||||||HDFC Bank||23|249876|Yes|13-Jan-2025||||Live|12|06-Jan-2025|22|13-Jan-2025|1|07-Jan-2025|Yes|ICICI|1212|1212||09-Jan-2025||14-Jan-2025||| ||
14|CN02012025-01|20203035|65|DEV885818|CTQA|SAVING ACCOUNT|KANPUR|100000|5|3.24568e+006|04-Jan-2025 00:00:00|06-Jan-2025 00:00:00|WEST|MAHARASHTRA|AKOLA|AVNI|Firm|40|||||||||State Bank of India|Leader|12|122889|Yes|13-Jan-2025||||Live|12|06-Jan-2025|22|13-Jan-2025|1|07-Jan-2025|Yes|ICICI|1212|1212||09-Jan-2025||14-Jan-2025||| ||
14|CN02012025-01|20203035|65|DEV885818|CTQA|SAVING ACCOUNT|KANPUR|100000|5|3.24568e+006|04-Jan-2025 00:00:00|06-Jan-2025 00:00:00|WEST|MAHARASHTRA|AKOLA|GEETA|Firm|2||PUNE, MAHARASHTRA||||PUNE|MAHARASHTRA|411015|Canara Bank||23|344448|Yes|13-Jan-2025||||Live|12|06-Jan-2025|22|13-Jan-2025|1|07-Jan-2025|Yes|ICICI|1212|1212||09-Jan-2025||14-Jan-2025||| ||
14|CN02012025-01|20203035|65|DEV885818|CTQA|SAVING ACCOUNT|KANPUR|100000|5|3.24568e+006|04-Jan-2025 00:00:00|06-Jan-2025 00:00:00|WEST|MAHARASHTRA|AKOLA|GEETA|Firm|2||PUNE, MAHARASHTRA||||PUNE|MAHARASHTRA|411015|HDFC Bank||23|249876|Yes|13-Jan-2025||||Live|12|06-Jan-2025|22|13-Jan-2025|1|07-Jan-2025|Yes|ICICI|1212|1212||09-Jan-2025||14-Jan-2025||| ||
14|CN02012025-01|20203035|65|DEV885818|CTQA|SAVING ACCOUNT|KANPUR|100000|5|3.24568e+006|04-Jan-2025 00:00:00|06-Jan-2025 00:00:00|WEST|MAHARASHTRA|AKOLA|GEETA|Firm|2||PUNE, MAHARASHTRA||||PUNE|MAHARASHTRA|411015|State Bank of India|Leader|12|122889|Yes|13-Jan-2025||||Live|12|06-Jan-2025|22|13-Jan-2025|1|07-Jan-2025|Yes|ICICI|1212|1212||09-Jan-2025||14-Jan-2025||| ||
14|CN02012025-01|20203035|65|DEV885818|CTQA|SAVING ACCOUNT|KANPUR|100000|5|3.24568e+006|04-Jan-2025 00:00:00|06-Jan-2025 00:00:00|WEST|MAHARASHTRA|AKOLA|BHUSHAN KALE|Firm|42||MUKUND NAGAR, AKOLA||||AKOLA|MAHARASHTRA|444001|Canara Bank||23|344448|Yes|13-Jan-2025||||Live|12|06-Jan-2025|22|13-Jan-2025|1|07-Jan-2025|Yes|ICICI|1212|1212||09-Jan-2025||14-Jan-2025||| ||
14|CN02012025-01|20203035|65|DEV885818|CTQA|SAVING ACCOUNT|KANPUR|100000|5|3.24568e+006|04-Jan-2025 00:00:00|06-Jan-2025 00:00:00|WEST|MAHARASHTRA|AKOLA|BHUSHAN KALE|Firm|42||MUKUND NAGAR, AKOLA||||AKOLA|MAHARASHTRA|444001|HDFC Bank||23|249876|Yes|13-Jan-2025||||Live|12|06-Jan-2025|22|13-Jan-2025|1|07-Jan-2025|Yes|ICICI|1212|1212||09-Jan-2025||14-Jan-2025||| ||
14|CN02012025-01|20203035|65|DEV885818|CTQA|SAVING ACCOUNT|KANPUR|100000|5|3.24568e+006|04-Jan-2025 00:00:00|06-Jan-2025 00:00:00|WEST|MAHARASHTRA|AKOLA|BHUSHAN KALE|Firm|42||MUKUND NAGAR, AKOLA||||AKOLA|MAHARASHTRA|444001|State Bank of India|Leader|12|122889|Yes|13-Jan-2025||||Live|12|06-Jan-2025|22|13-Jan-2025|1|07-Jan-2025|Yes|ICICI|1212|1212||09-Jan-2025||14-Jan-2025||| ||
14|CN02012025-01|20203035|65|DEV885818|CTQA|SAVING ACCOUNT|KANPUR|100000|5|3.24568e+006|04-Jan-2025 00:00:00|06-Jan-2025 00:00:00|WEST|MAHARASHTRA|AKOLA|LAXMI|CoApplicant|16|||||||||Canara Bank||23|344448|Yes|13-Jan-2025||||Live|12|06-Jan-2025|22|13-Jan-2025|1|07-Jan-2025|Yes|ICICI|1212|1212||09-Jan-2025||14-Jan-2025||| ||
14|CN02012025-01|20203035|65|DEV885818|CTQA|SAVING ACCOUNT|KANPUR|100000|5|3.24568e+006|04-Jan-2025 00:00:00|06-Jan-2025 00:00:00|WEST|MAHARASHTRA|AKOLA|LAXMI|CoApplicant|16|||||||||HDFC Bank||23|249876|Yes|13-Jan-2025||||Live|12|06-Jan-2025|22|13-Jan-2025|1|07-Jan-2025|Yes|ICICI|1212|1212||09-Jan-2025||14-Jan-2025||| ||
14|CN02012025-01|20203035|65|DEV885818|CTQA|SAVING ACCOUNT|KANPUR|100000|5|3.24568e+006|04-Jan-2025 00:00:00|06-Jan-2025 00:00:00|WEST|MAHARASHTRA|AKOLA|LAXMI|CoApplicant|16|||||||||State Bank of India|Leader|12|122889|Yes|13-Jan-2025||||Live|12|06-Jan-2025|22|13-Jan-2025|1|07-Jan-2025|Yes|ICICI|1212|1212||09-Jan-2025||14-Jan-2025||| ||
14|CN02012025-01|20203035|66|30JAN2025|CTQA|SAVING ACCOUNT||12322|12|13213||13-Jan-2025 00:00:00|WEST|MAHARASHTRA|AKOLA|||||||||||||||||||||Live|||||0||No|SBI|22323|212234||||13-Jan-2025||| ||
14|CN02012025-01|20203035|66|30JAN2025|CTQA|SAVING ACCOUNT||12322|12|13213||13-Jan-2025 00:00:00|WEST|MAHARASHTRA|AKOLA|||||||||||||||||||||Live|||||0||No|SBI|2323|2323||||14-Jan-2025||| dev|ECS|
14|CN02012025-01|20203035|66|30JAN2025|CTQA|SAVING ACCOUNT|DEV|12322|12|13213||13-Jan-2025 00:00:00|WEST|MAHARASHTRA|AKOLA|||||||||||||||||||||Live|||||0||No|SBI|22323|212234||||13-Jan-2025||| ||
14|CN02012025-01|20203035|66|30JAN2025|CTQA|SAVING ACCOUNT|DEV|12322|12|13213||13-Jan-2025 00:00:00|WEST|MAHARASHTRA|AKOLA|||||||||||||||||||||Live|||||0||No|SBI|2323|2323||||14-Jan-2025||| dev|ECS|
14|CN02012025-01|20203035|66|30JAN2025|CTQA|SAVING ACCOUNT|NAGPUR|12322|12|13213||13-Jan-2025 00:00:00|WEST|MAHARASHTRA|AKOLA|||||||||||||||||||||Live|||||0||No|SBI|22323|212234||||13-Jan-2025||| ||
14|CN02012025-01|20203035|66|30JAN2025|CTQA|SAVING ACCOUNT|NAGPUR|12322|12|13213||13-Jan-2025 00:00:00|WEST|MAHARASHTRA|AKOLA|||||||||||||||||||||Live|||||0||No|SBI|2323|2323||||14-Jan-2025||| dev|ECS|
14|CN02012025-01|20203035|66|30JAN2025|CTQA|SAVING ACCOUNT|ADDRESS1|12322|12|13213||13-Jan-2025 00:00:00|WEST|MAHARASHTRA|AKOLA|||||||||||||||||||||Live|||||0||No|SBI|22323|212234||||13-Jan-2025||| ||
14|CN02012025-01|20203035|66|30JAN2025|CTQA|SAVING ACCOUNT|ADDRESS1|12322|12|13213||13-Jan-2025 00:00:00|WEST|MAHARASHTRA|AKOLA|||||||||||||||||||||Live|||||0||No|SBI|2323|2323||||14-Jan-2025||| dev|ECS|
15|232323|232323|62|213232|CTQA|SAVING ACCOUNT|ADDRESS1|232|23|2323|13-Jan-2025 00:00:00|20-Jan-2025 00:00:00|WEST|MAHARASHTRA|KHED|||||||||||||||||||||Live|||||0||Yes||||||||||||
16|PRASHANT MORE|10103030|69|LAN10103030-01|CTQA|SAVING ACCOUNT||5e+006|10|3e+006|03-Jan-2025 00:00:00|06-Jan-2025 00:00:00|WEST|MAHARASHTRA|AKOLA|||||||||||||||||||||Live|||||0||No|SBI|14022025-01|45000|ECS14022025-01|15-Apr-2025|NA|13-Jan-2025|CANARA|PUNE|AKASH|NACH|1402202501
16|PRASHANT MORE|10103030|69|LAN10103030-01|CTQA|SAVING ACCOUNT||5e+006|10|3e+006|03-Jan-2025 00:00:00|06-Jan-2025 00:00:00|WEST|MAHARASHTRA|AKOLA|||||||||||||||||||||Live|||||0||No|SBI|14022025-01|45000|ECS14022025-01|15-Apr-2025|NA|13-Jan-2025|Canara|PUNE|AKASH |NACH|1402202501
17|ANVI|AC02|93|AACC0A1|CTQA|TERM LOAN|Mumbai|123450|4|456800|02-Feb-2025 00:00:00|03-Feb-2025 00:00:00|NORTH|DELHI|GHAZIABAD|BHUSHAN KALE|Coborrower|42||MUKUND NAGAR, AKOLA||||AKOLA|MAHARASHTRA|444001||||||05-Feb-2025||||Live|Block T1|05-Feb-2025|Block T2|05-Feb-2025|22|29-Oct-2025|No||||||||||||
17|ANVI|AC02|93|AACC0A1|CTQA|TERM LOAN|Mumbai|123450|4|456800|02-Feb-2025 00:00:00|03-Feb-2025 00:00:00|NORTH|DELHI|GHAZIABAD|LAXMI|CoApplicant|16||||||||||||||05-Feb-2025||||Live|Block T1|05-Feb-2025|Block T2|05-Feb-2025|22|29-Oct-2025|No||||||||||||
17|ANVI|AC02|93|AACC0A1|CTQA|TERM LOAN|Mumbai|123450|4|456800|02-Feb-2025 00:00:00|03-Feb-2025 00:00:00|NORTH|DELHI|GHAZIABAD|GAURI|Guarantor|48||||||||||||||05-Feb-2025||||Live|Block T1|05-Feb-2025|Block T2|05-Feb-2025|22|29-Oct-2025|No||||||||||||
17|ANVI|AC02|94|AACC0A2|CTQA|TERM LOAN|Mumbai|123451|5|4569|03-Feb-2025 00:00:00|04-Feb-2025 00:00:00|NORTH|DELHI|DELHI|||||||||||||||||||||Live|||||0|30-Oct-2025|Yes||||||||||||
17|ANVI|AC02|112|ACC12|CTQA|SAVING ACCOUNT|MUMBAI|45900|8|34900|02-Mar-2025 00:00:00|03-Mar-2025 00:00:00|NORTH|DELHI|GHAZIABAD|GEETA|Guarantor|2||PUNE, MAHARASHTRA||||PUNE|MAHARASHTRA|411015|State Bank of India|Leader|47|89000|Yes|03-Mar-2025||||Live|BT1|04-Mar-2025|BT2|04-Mar-2025|65|17-Mar-2025|No|SBI|CHE17013|2312|ECS Details|04-Mar-2025|Pendency Reason|03-Mar-2025|Canara|DELHI|Authority |SI|mICR54er
17|ANVI|AC02|112|ACC12|CTQA|SAVING ACCOUNT|MUMBAI|45900|8|34900|02-Mar-2025 00:00:00|03-Mar-2025 00:00:00|NORTH|DELHI|GHAZIABAD|LAXMI|CoApplicant|16|||||||||State Bank of India|Leader|47|89000|Yes|03-Mar-2025||||Live|BT1|04-Mar-2025|BT2|04-Mar-2025|65|17-Mar-2025|No|SBI|CHE17013|2312|ECS Details|04-Mar-2025|Pendency Reason|03-Mar-2025|Canara|DELHI|Authority |SI|mICR54er
17|ANVI|AC02|112|ACC12|CTQA|SAVING ACCOUNT|MUMBAI|45900|8|34900|02-Mar-2025 00:00:00|03-Mar-2025 00:00:00|NORTH|DELHI|GHAZIABAD|POOJA|Guarantor|17|||||||||State Bank of India|Leader|47|89000|Yes|03-Mar-2025||||Live|BT1|04-Mar-2025|BT2|04-Mar-2025|65|17-Mar-2025|No|SBI|CHE17013|2312|ECS Details|04-Mar-2025|Pendency Reason|03-Mar-2025|Canara|DELHI|Authority |SI|mICR54er
17|ANVI|AC02|113|KL9|CTQA|SAVING ACCOUNT||1000|10|10000|01-Jan-2025 00:00:00|01-Feb-2025 00:00:00|NORTH|DELHI|GHAZIABAD|||||||||||||||||||||Live|||||0||No||||||||||||
17|ANVI|AC02|114|ACC122|CTQA|SAVING ACCOUNT||23211|3|89000||03-Mar-2025 00:00:00|NORTH|DELHI|GHAZIABAD|||||||||||||||||||||Live|||||0||No||||||||||||
17|ANVI|AC02|116|ACC1211|CTQA|SAVING ACCOUNT||23444|4|23211||03-Mar-2025 00:00:00|NORTH|DELHI|GHAZIABAD|||||||||||||||||||||Live|||||99||No||||||||||||
17|ANVI|AC02|121|ACCS01|CTQA|SAVING ACCOUNT||1231|2|1234||03-Mar-2025 00:00:00|NORTH|DELHI|GHAZIABAD|||||||||||||||||||||Live|||||0||No||||||||||||
17|ANVI|AC02|159|ACC12JM01|CTQA|SAVING ACCOUNT|MUMBAI|6.789e+006|4|23900|01-Apr-2025 00:00:00|02-Apr-2025 00:00:00|NORTH|DELHI|GHAZIABAD|GEETA|Guarantor|2||PUNE, MAHARASHTRA||||PUNE|MAHARASHTRA|411015||||||||||Live|||||22||No||||||||||||
17|ANVI|AC02|160|ACC12JM01|CTQA|SAVING ACCOUNT|MUMBAI|6.789e+006|4|23900|01-Apr-2025 00:00:00|02-Apr-2025 00:00:00|NORTH|DELHI|GHAZIABAD|GEETA|Guarantor|2||PUNE, MAHARASHTRA||||PUNE|MAHARASHTRA|411015||||||||||Live|||||22||No||||||||||||
17|ANVI|AC02|161|ACC12JM01|CTQA|SAVING ACCOUNT|MUMBAI|6.789e+006|4|23900|01-Apr-2025 00:00:00|02-Apr-2025 00:00:00|NORTH|DELHI|GHAZIABAD|GEETA|Guarantor|2||PUNE, MAHARASHTRA||||PUNE|MAHARASHTRA|411015||||||||||Live|||||22||No||||||||||||
17|ANVI|AC02|162|8A27C1|CTQA|SAVING ACCOUNT|MUMBAI|6.789e+006|4|23900|01-Apr-2025 00:00:00|02-Apr-2025 00:00:00|NORTH|DELHI|GHAZIABAD|GEETA|Guarantor|2||PUNE, MAHARASHTRA||||PUNE|MAHARASHTRA|411015||||||||||Live|||||22||No||||||||||||
17|ANVI|AC02|163|8N6118|CTQA|SAVING ACCOUNT|MUMBAI|6.789e+006|4|23900|01-Apr-2025 00:00:00|02-Apr-2025 00:00:00|NORTH|DELHI|GHAZIABAD|GEETA|Guarantor|2||PUNE, MAHARASHTRA||||PUNE|MAHARASHTRA|411015||||||||||Live|||||22||No||||||||||||
17|ANVI|AC02|164|2O1464|CTQA|SAVING ACCOUNT|MUMBAI|6.789e+006|4|23900|01-Apr-2025 00:00:00|02-Apr-2025 00:00:00|NORTH|DELHI|GHAZIABAD|GEETA|Guarantor|2||PUNE, MAHARASHTRA||||PUNE|MAHARASHTRA|411015||||||||||Live|||||22||No||||||||||||
17|ANVI|AC02|165|2COC84|CTQA|SAVING ACCOUNT|MUMBAI|6.789e+006|4|23900|01-Apr-2025 00:00:00|02-Apr-2025 00:00:00|NORTH|DELHI|GHAZIABAD|GEETA|Guarantor|2||PUNE, MAHARASHTRA||||PUNE|MAHARASHTRA|411015||||||||||Live|||||22||No||||||||||||
17|ANVI|AC02|166|14C1N1|CTQA|SAVING ACCOUNT|MUMBAI|6.789e+006|4|23900|01-Apr-2025 00:00:00|02-Apr-2025 00:00:00|NORTH|DELHI|GHAZIABAD|GEETA|Guarantor|2||PUNE, MAHARASHTRA||||PUNE|MAHARASHTRA|411015||||||||||Live|||||22||No||||||||||||
17|ANVI|AC02|167|2C22A1|CTQA|SAVING ACCOUNT|MUMBAI|6.789e+006|4|23900|01-Apr-2025 00:00:00|02-Apr-2025 00:00:00|NORTH|DELHI|GHAZIABAD|GEETA|Guarantor|2||PUNE, MAHARASHTRA||||PUNE|MAHARASHTRA|411015||||||||||Live|||||22||No||||||||||||
17|ANVI|AC02|168|N8C34O|CTQA|SAVING ACCOUNT|MUMBAI|6.789e+006|4|23900|01-Apr-2025 00:00:00|02-Apr-2025 00:00:00|NORTH|DELHI|GHAZIABAD|GEETA|Guarantor|2||PUNE, MAHARASHTRA||||PUNE|MAHARASHTRA|411015||||||||||Live|||||22||No|SBI|5679|80000||09-May-2025|NA|05-May-2025||| |Cheque|
17|ANVI|AC02|168|N8C34O|CTQA|SAVING ACCOUNT|MUMBAI|6.789e+006|4|23900|01-Apr-2025 00:00:00|02-Apr-2025 00:00:00|NORTH|DELHI|GHAZIABAD|GEETA|Guarantor|2||PUNE, MAHARASHTRA||||PUNE|MAHARASHTRA|411015||||||||||Live|||||22||No|SBI|5678|80000||05-May-2025|NA|01-May-2025||| |Cheque|
17|ANVI|AC02|169|C4ACCN|CTQA|SAVING ACCOUNT|MUMBAI|6.789e+006|4|23900|01-Apr-2025 00:00:00|02-Apr-2025 00:00:00|NORTH|DELHI|GHAZIABAD|GEETA|Guarantor|2||PUNE, MAHARASHTRA||||PUNE|MAHARASHTRA|411015||||||||||Live|||||22||No|ICICI|9898|70000||07-May-2025|NA|02-May-2025||| |Cheque|
17|ANVI|AC02|169|C4ACCN|CTQA|SAVING ACCOUNT|MUMBAI|6.789e+006|4|23900|01-Apr-2025 00:00:00|02-Apr-2025 00:00:00|NORTH|DELHI|GHAZIABAD|GEETA|Guarantor|2||PUNE, MAHARASHTRA||||PUNE|MAHARASHTRA|411015||||||||||Live|||||22||No|SBI|67589|600000||05-May-2025|NA|01-May-2025||| |Cheque|
18|AARYA|AC01|70|AACC01|CTQA|TERM LOAN|Mumbai|123450|4|4568|02-Feb-2025 00:00:00|03-Feb-2025 00:00:00|NORTH|DELHI|DELHI|KAIRA|CoApplicant|1|||||||||IndusInd Bank|Leader|10|877|Yes|||||Live|||||1|29-Oct-2025|No||||||||||||
18|AARYA|AC01|70|AACC01|CTQA|TERM LOAN|Mumbai|123450|4|4568|02-Feb-2025 00:00:00|03-Feb-2025 00:00:00|NORTH|DELHI|DELHI|KAIRA|CoApplicant|1|||||||||Kotak Mahindra Bank||80|8770|No|||||Live|||||1|29-Oct-2025|No||||||||||||
18|AARYA|AC01|70|AACC01|CTQA|TERM LOAN|Mumbai|123450|4|4568|02-Feb-2025 00:00:00|03-Feb-2025 00:00:00|NORTH|DELHI|DELHI|AVNI|Coborrower|40|||||||||IndusInd Bank|Leader|10|877|Yes|||||Live|||||1|29-Oct-2025|No||||||||||||
18|AARYA|AC01|70|AACC01|CTQA|TERM LOAN|Mumbai|123450|4|4568|02-Feb-2025 00:00:00|03-Feb-2025 00:00:00|NORTH|DELHI|DELHI|AVNI|Coborrower|40|||||||||Kotak Mahindra Bank||80|8770|No|||||Live|||||1|29-Oct-2025|No||||||||||||
18|AARYA|AC01|70|AACC01|CTQA|TERM LOAN|Mumbai|123450|4|4568|02-Feb-2025 00:00:00|03-Feb-2025 00:00:00|NORTH|DELHI|DELHI|GEETA|Guarantor|2||PUNE, MAHARASHTRA||||PUNE|MAHARASHTRA|411015|IndusInd Bank|Leader|10|877|Yes|||||Live|||||1|29-Oct-2025|No||||||||||||
18|AARYA|AC01|70|AACC01|CTQA|TERM LOAN|Mumbai|123450|4|4568|02-Feb-2025 00:00:00|03-Feb-2025 00:00:00|NORTH|DELHI|DELHI|GEETA|Guarantor|2||PUNE, MAHARASHTRA||||PUNE|MAHARASHTRA|411015|Kotak Mahindra Bank||80|8770|No|||||Live|||||1|29-Oct-2025|No||||||||||||
18|AARYA|AC01|71|AACC02|CTQA|TERM LOAN|Mumbai|123451|5|4569|03-Feb-2025 00:00:00|04-Feb-2025 00:00:00|NORTH|DELHI|DELHI|BHUSHAN KALE|Coborrower|42||MUKUND NAGAR, AKOLA||||AKOLA|MAHARASHTRA|444001||||||||||Live|||||0|30-Oct-2025|Yes||||||||||||
18|AARYA|AC01|71|AACC02|CTQA|TERM LOAN|Mumbai|123451|5|4569|03-Feb-2025 00:00:00|04-Feb-2025 00:00:00|NORTH|DELHI|DELHI|LAXMI|CoApplicant|16||||||||||||||||||Live|||||0|30-Oct-2025|Yes||||||||||||
18|AARYA|AC01|71|AACC02|CTQA|TERM LOAN|Mumbai|123451|5|4569|03-Feb-2025 00:00:00|04-Feb-2025 00:00:00|NORTH|DELHI|DELHI|POOJA|Guarantor|17||||||||||||||||||Live|||||0|30-Oct-2025|Yes||||||||||||
18|AARYA|AC01|72|AACC04|CTQA|TERM LOAN|Mumbai|123451|5|4569|03-Feb-2025 00:00:00|04-Feb-2025 00:00:00|NORTH|DELHI|DELHI|||||||||||||||||||||Live|||||0|30-Oct-2025|Yes||||||||||||
18|AARYA|AC01|73|AACC03|CTQA|TERM LOAN|Mumbai|123450|4|4568|02-Feb-2025 00:00:00|03-Feb-2025 00:00:00|NORTH|DELHI|DELHI|KAIRA|CoApplicant|1||||||||||||||03-Feb-2025||||Live|Block T1|04-Feb-2025|Block T2|05-Feb-2025|0|29-Oct-2025|Yes|ICICI|CHW012|98000|ECS Details|05-Feb-2025|NA|04-Feb-2025|Canara|KHED|Authority |ECS|MICR765
18|AARYA|AC01|73|AACC03|CTQA|TERM LOAN|Mumbai|123450|4|4568|02-Feb-2025 00:00:00|03-Feb-2025 00:00:00|NORTH|DELHI|DELHI|GEETA|Guarantor|2||PUNE, MAHARASHTRA||||PUNE|MAHARASHTRA|411015||||||03-Feb-2025||||Live|Block T1|04-Feb-2025|Block T2|05-Feb-2025|0|29-Oct-2025|Yes|ICICI|CHW012|98000|ECS Details|05-Feb-2025|NA|04-Feb-2025|Canara|KHED|Authority |ECS|MICR765
18|AARYA|AC01|73|AACC03|CTQA|TERM LOAN|Mumbai|123450|4|4568|02-Feb-2025 00:00:00|03-Feb-2025 00:00:00|NORTH|DELHI|DELHI|BHUSHAN KALE|Coborrower|42||MUKUND NAGAR, AKOLA||||AKOLA|MAHARASHTRA|444001||||||03-Feb-2025||||Live|Block T1|04-Feb-2025|Block T2|05-Feb-2025|0|29-Oct-2025|Yes|ICICI|CHW012|98000|ECS Details|05-Feb-2025|NA|04-Feb-2025|Canara|KHED|Authority |ECS|MICR765
19|KRISHNA|16022025|74|KR001|CTQA|HOME LOAN||12122|10|1.21251e+006||01-Feb-2025 00:00:00|WEST|GOA|COLVA|POOJA|Guarantor|17||||||||||||||||||Live|||||91||No||||||||||||
19|KRISHNA|16022025|75|KR008|CTQA|HOME LOAN||12122|10|1.21251e+006||01-Feb-2025 00:00:00|WEST|GOA|COLVA|POOJA|Guarantor|17||||||||||||||||||Live|||||91||No||||||||||||
19|KRISHNA|16022025|76|KR007|CTQA|HOME LOAN||12122|10|1.21251e+006||01-Feb-2025 00:00:00|WEST|GOA|COLVA|POOJA|Guarantor|17||||||||||||||||||Live|||||91||No||||||||||||
19|KRISHNA|16022025|77|KR006|CTQA|HOME LOAN||12122|10|1.21251e+006||01-Feb-2025 00:00:00|WEST|GOA|COLVA|POOJA|Guarantor|17||||||||||||||||||Live|||||91||No||||||||||||
19|KRISHNA|16022025|78|KR009|CTQA|HOME LOAN||12122|10|1.21251e+006||01-Feb-2025 00:00:00|WEST|GOA|COLVA|POOJA|Guarantor|17||||||||||||||||||Live|||||91||No||||||||||||
19|KRISHNA|16022025|79|KR004|CTQA|HOME LOAN||12122|10|1.21251e+006||01-Feb-2025 00:00:00|WEST|GOA|COLVA|POOJA|Guarantor|17||||||||||||||||||Live|||||91||No||||||||||||
19|KRISHNA|16022025|80|KR002|CTQA|HOME LOAN||12122|10|1.21251e+006||01-Feb-2025 00:00:00|WEST|GOA|COLVA|POOJA|Guarantor|17||||||||||||||||||Live|||||91||No||||||||||||
19|KRISHNA|16022025|81|KR005|CTQA|HOME LOAN||12122|10|1.21251e+006||01-Feb-2025 00:00:00|WEST|GOA|COLVA|POOJA|Guarantor|17||||||||||||||||||Live|||||91||No||||||||||||
19|KRISHNA|16022025|82|KR003|CTQA|HOME LOAN||12122|10|1.21251e+006||01-Feb-2025 00:00:00|WEST|GOA|COLVA|POOJA|Guarantor|17||||||||||||||||||Live|||||91||No||||||||||||
20|AARYA|15022025|83|AR006|CTQA|HOME LOAN||12122|10|1.21251e+006||01-Feb-2025 00:00:00|WEST|GOA|COLVA|GEETA|Guarantor|2||PUNE, MAHARASHTRA||||PUNE|MAHARASHTRA|411015||||||||||Live|||||91||No||||||||||||
20|AARYA|15022025|84|AR007|CTQA|HOME LOAN||12122|10|1.21251e+006||01-Feb-2025 00:00:00|WEST|GOA|COLVA|GEETA|Guarantor|2||PUNE, MAHARASHTRA||||PUNE|MAHARASHTRA|411015||||||||||Live|||||91||No||||||||||||
20|AARYA|15022025|85|AR003|CTQA|HOME LOAN||12122|10|1.21251e+006||01-Feb-2025 00:00:00|WEST|GOA|COLVA|GEETA|Guarantor|2||PUNE, MAHARASHTRA||||PUNE|MAHARASHTRA|411015||||||||||Live|||||91||No||||||||||||
20|AARYA|15022025|86|AR004|CTQA|HOME LOAN||12122|10|1.21251e+006||01-Feb-2025 00:00:00|WEST|GOA|COLVA|GEETA|Guarantor|2||PUNE, MAHARASHTRA||||PUNE|MAHARASHTRA|411015||||||||||Live|||||91||No||||||||||||
20|AARYA|15022025|87|AR002|CTQA|HOME LOAN||12122|10|1.21251e+006||01-Feb-2025 00:00:00|WEST|GOA|COLVA|GEETA|Guarantor|2||PUNE, MAHARASHTRA||||PUNE|MAHARASHTRA|411015||||||||||Live|||||91||No||||||||||||
20|AARYA|15022025|88|AR008|CTQA|HOME LOAN||12122|10|1.21251e+006||01-Feb-2025 00:00:00|WEST|GOA|COLVA|GEETA|Guarantor|2||PUNE, MAHARASHTRA||||PUNE|MAHARASHTRA|411015||||||||||Live|||||91||No||||||||||||
20|AARYA|15022025|89|AR010|CTQA|HOME LOAN||12122|10|1.21251e+006||01-Feb-2025 00:00:00|WEST|GOA|COLVA|POOJA|Guarantor|17||||||||||||||||||Live|||||91||No||||||||||||
20|AARYA|15022025|90|AR005|CTQA|HOME LOAN||12122|10|1.21251e+006||01-Feb-2025 00:00:00|WEST|GOA|COLVA|GEETA|Guarantor|2||PUNE, MAHARASHTRA||||PUNE|MAHARASHTRA|411015||||||||||Live|||||91||No||||||||||||
20|AARYA|15022025|91|AR001|CTQA|HOME LOAN||12122|10|1.21251e+006||01-Feb-2025 00:00:00|WEST|GOA|COLVA|GEETA|Guarantor|2||PUNE, MAHARASHTRA||||PUNE|MAHARASHTRA|411015||||||||||Live|||||91||No||||||||||||
20|AARYA|15022025|92|AR009|CTQA|HOME LOAN||12122|10|1.21251e+006||01-Feb-2025 00:00:00|WEST|GOA|COLVA|GEETA|Guarantor|2||PUNE, MAHARASHTRA||||PUNE|MAHARASHTRA|411015||||||||||Live|||||91||No||||||||||||
21|AARAV|APC02|97|APACC0A1|CTQA|TERM LOAN|Mumbai|123450|4|4568|02-Feb-2025 00:00:00|03-Feb-2025 00:00:00|NORTH|DELHI|DELHI|||||||||||||||||||||Live|||||0|29-Oct-2025|No||||||||||||
21|AARAV|APC02|98|APACC0A2|CTQA|TERM LOAN|Mumbai|123451|5|4569|03-Feb-2025 00:00:00|04-Feb-2025 00:00:00|NORTH|DELHI|DELHI|||||||||||||||||||||Live|||||0|30-Oct-2025|Yes||||||||||||
22|ANMAY|APC01|95|APACC01|CTQA|TERM LOAN|Mumbai|123450|4|4568|02-Feb-2025 00:00:00|03-Feb-2025 00:00:00|NORTH|DELHI|DELHI|GEETA|Guarantor|2||PUNE, MAHARASHTRA||||PUNE|MAHARASHTRA|411015||||||||||Live|||||0|29-Oct-2025|No||||||||||||
22|ANMAY|APC01|95|APACC01|CTQA|TERM LOAN|Mumbai|123450|4|4568|02-Feb-2025 00:00:00|03-Feb-2025 00:00:00|NORTH|DELHI|DELHI|BHUSHAN KALE|Coborrower|42||MUKUND NAGAR, AKOLA||||AKOLA|MAHARASHTRA|444001||||||||||Live|||||0|29-Oct-2025|No||||||||||||
22|ANMAY|APC01|95|APACC01|CTQA|TERM LOAN|Mumbai|123450|4|4568|02-Feb-2025 00:00:00|03-Feb-2025 00:00:00|NORTH|DELHI|DELHI|LAXMI|CoApplicant|16||||||||||||||||||Live|||||0|29-Oct-2025|No||||||||||||
22|ANMAY|APC01|96|APACC02|CTQA|TERM LOAN|Mumbai|123451|5|4569|03-Feb-2025 00:00:00|04-Feb-2025 00:00:00|NORTH|DELHI|DELHI|||||||||||||||||||||Live|||||0|30-Oct-2025|Yes||||||||||||
23|ANMAY1|APC03|99|APACC0A3|CTQA|TERM LOAN|Mumbai|123450|4|4568|02-Feb-2025 00:00:00|03-Feb-2025 00:00:00|NORTH|DELHI|DELHI|||||||||||||||||||||Live|||||0|29-Oct-2025|No||||||||||||
23|ANMAY1|APC03|100|APACC0A4|CTQA|TERM LOAN|Mumbai|123451|5|4569|03-Feb-2025 00:00:00|04-Feb-2025 00:00:00|NORTH|DELHI|DELHI|||||||||||||||||||||Live|||||0|30-Oct-2025|Yes||||||||||||
25|SANJAY|24022025|101|SS1|CTQA|SAVING ACCOUNT||12545|11|741852||01-Feb-2025 00:00:00|WEST|MAHARASHTRA|MUMBAI|GEETA|Valuer|2||PUNE, MAHARASHTRA||||PUNE|MAHARASHTRA|411015||||||||||Live|||||0||No||||||||||||
25|SANJAY|24022025|104|SS2|CTQA|SAVING ACCOUNT||1.23457e+006|12|1.23121e+006||01-Mar-2025 00:00:00|WEST|MAHARASHTRA|MUMBAI|||||||||||||||||||||Live|||||91||No||||||||||||
25|SANJAY|24022025|105|SS3|CTQA|SAVING ACCOUNT|ADDRESS1|1234|11|43212||01-Mar-2025 00:00:00|WEST|MAHARASHTRA|MUMBAI|GEETA|Coborrower|2||PUNE, MAHARASHTRA||||PUNE|MAHARASHTRA|411015||||||||||Live|||||95||No||||||||||||
25|SANJAY|24022025|106|SS4|CTQA|SAVING ACCOUNT||121212|11|12122||01-Mar-2025 00:00:00|WEST|MAHARASHTRA|MUMBAI|||||||||||||||||||||Live|||||100||No||||||||||||
25|SANJAY|24022025|107|SS5|CTQA|SAVING ACCOUNT||1.23454e+007|11|1.23212e+006||01-Mar-2025 00:00:00|WEST|MAHARASHTRA|MUMBAI|||||||||||||||||||||Live|||||91||No||||||||||||
33|NEETA|AZ05|117|ACCN01|CTQA|SAVING ACCOUNT|DELHI|1233|2|8901|02-Mar-2025 00:00:00|04-Mar-2025 00:00:00|NORTH|CHHATTISGARH|BILASPUR|GEETA|Guarantor|2||PUNE, MAHARASHTRA||||PUNE|MAHARASHTRA|411015|State Bank of India|Leader|43|233222|No|02-Mar-2025||||Live|BT1|09-Mar-2025|BT2|05-Mar-2025|65|02-Mar-2025|No||||||||||||
33|NEETA|AZ05|117|ACCN01|CTQA|SAVING ACCOUNT|DELHI|1233|2|8901|02-Mar-2025 00:00:00|04-Mar-2025 00:00:00|NORTH|CHHATTISGARH|BILASPUR|POOJA|CoApplicant|17|||||||||State Bank of India|Leader|43|233222|No|02-Mar-2025||||Live|BT1|09-Mar-2025|BT2|05-Mar-2025|65|02-Mar-2025|No||||||||||||
33|NEETA|AZ05|117|ACCN01|CTQA|SAVING ACCOUNT|MUMABI|1233|2|8901|02-Mar-2025 00:00:00|04-Mar-2025 00:00:00|NORTH|CHHATTISGARH|BILASPUR|GEETA|Guarantor|2||PUNE, MAHARASHTRA||||PUNE|MAHARASHTRA|411015|State Bank of India|Leader|43|233222|No|02-Mar-2025||||Live|BT1|09-Mar-2025|BT2|05-Mar-2025|65|02-Mar-2025|No||||||||||||
33|NEETA|AZ05|117|ACCN01|CTQA|SAVING ACCOUNT|MUMABI|1233|2|8901|02-Mar-2025 00:00:00|04-Mar-2025 00:00:00|NORTH|CHHATTISGARH|BILASPUR|POOJA|CoApplicant|17|||||||||State Bank of India|Leader|43|233222|No|02-Mar-2025||||Live|BT1|09-Mar-2025|BT2|05-Mar-2025|65|02-Mar-2025|No||||||||||||
33|NEETA|AZ05|118|ACCN02|CTQA|SAVING ACCOUNT||4533|3|3455|02-Mar-2025 00:00:00|03-Mar-2025 00:00:00|NORTH|CHHATTISGARH|BILASPUR|||||||||||||||||||||Live|||||0||No||||||||||||
33|NEETA|AZ05|120|ACCN03|CTQA|TERM LOAN||12344|3|235||03-Mar-2025 00:00:00|NORTH|CHHATTISGARH|BILASPUR|||||||||||||||||||||Live|||||0||No||||||||||||
38|KALA|AZ15|124|JMACC01|CTQA|SAVING ACCOUNT|MUMBAI|9.80789e+006|3|78099|03-Mar-2025 00:00:00|04-Mar-2025 00:00:00|NORTH|CHHATTISGARH|BILASPUR|KAIRA|CoApplicant|1||||||||||||||05-Mar-2025||||Live|BT1|05-Mar-2025|BT2|05-Mar-2025|1|28-Mar-2025|No||||||||||||
38|KALA|AZ15|124|JMACC01|CTQA|SAVING ACCOUNT|MUMBAI|9.80789e+006|3|78099|03-Mar-2025 00:00:00|04-Mar-2025 00:00:00|NORTH|CHHATTISGARH|BILASPUR|GEETA|Guarantor|2||PUNE, MAHARASHTRA||||PUNE|MAHARASHTRA|411015||||||05-Mar-2025||||Live|BT1|05-Mar-2025|BT2|05-Mar-2025|1|28-Mar-2025|No||||||||||||
38|KALA|AZ15|125|ANU165789|CTQA|SAVING ACCOUNT||15000|10|1500|01-Jan-2023 00:00:00|02-Jan-2023 00:00:00|NORTH|CHHATTISGARH|BILASPUR|||||||||||||||||||||Live|||||0||No||||||||||||
41|TEST1|24032025|134|LAN0404|CTQA|TERM LOAN||100000|10|70000||06-Apr-2022 00:00:00|WEST|MAHARASHTRA|PUNE|||||||||||||||||||||Live|||||0||No||||||||||||
41|TEST1|24032025|135|LAN0404A|CTQA|TERM LOAN||200000|10|150000||05-Apr-2023 00:00:00|WEST|MAHARASHTRA|PUNE|||||||||||||||||||||Live|||||35||No||||||||||||
42|VEENA|AZ22|122|ACC022|CTQA|SAVING ACCOUNT||21233|8|8900|02-Mar-2025 00:00:00|03-Mar-2025 00:00:00|WEST|MAHARASHTRA|RATNAGIRI|||||||||||||||||||||Live|||||0||No||||||||||||
47|VEENA|TESTID123|127|LAN0104|CTQA|SAVING ACCOUNT|TEST|100000|10|50000||01-Mar-2022 00:00:00|WEST|MAHARASHTRA|PUNE|||||||||||||||||||||Live|||||0||No||||||||||||
47|VEENA|TESTID123|132|LAN0104AA|CTQA|SAVING ACCOUNT||70000|10|35000||02-Feb-2022 00:00:00|WEST|MAHARASHTRA|PUNE|||||||||||||||||||||Live|||||0||No||||||||||||
47|VEENA|TESTID123|133|LAN0104AB|CTQA|TERM LOAN||100000|5|70000||06-Apr-2022 00:00:00|WEST|MAHARASHTRA|PUNE|||||||||||||||||||||Live|||||0||No||||||||||||
47|VEENA|TESTID123|136|232343DFDFG|CTQA|SAVING ACCOUNT||2323|22|23232||02-Apr-2025 00:00:00|WEST|MAHARASHTRA|PUNE|||||||||||||||||||||Live|||||0||No||||||||||||
48|JENY|TB01|128|TBACC01|CTQA|CURRENT ACCOUNT|MUMBAI|232134|8|67900||05-Mar-2025 00:00:00|WEST|GOA|COLVA|GEETA|Guarantor|2||PUNE, MAHARASHTRA||||PUNE|MAHARASHTRA|411015||||||||||Live|||||0||No||||||||||||
48|JENY|TB01|129|TBACC02|CTQA|HOME LOAN|MUMBAI|789000|8|56700||01-Feb-2025 00:00:00|WEST|GOA|COLVA|GEETA|Guarantor|2||PUNE, MAHARASHTRA||||PUNE|MAHARASHTRA|411015||||||||||Live|||||0||No||||||||||||
48|JENY|TB01|158|ACC12AJ|CTQA|SAVING ACCOUNT|MUMBAI|988000|8|678900|01-Apr-2025 00:00:00|02-Apr-2025 00:00:00|WEST|GOA|COLVA|GEETA|Guarantor|2||PUNE, MAHARASHTRA||||PUNE|MAHARASHTRA|411015||||||02-Apr-2025||||Live|BT1|05-May-2025|BT2|07-May-2025|0|31-Mar-2025|No||||||||||||
49|AJINKYA|01012025|131|A0001|CTQA|SAVING ACCOUNT|ANDHERI|100010|10|1.5e+006|01-Mar-2025 00:00:00|12-Mar-2025 00:00:00|WEST|MAHARASHTRA|MUMBAI|||||||||||||||||||||Live|||||0||No||||||||||||
52|LINDA|SSR01|156|ACCSR01|CTQA|SAVING ACCOUNT||78900|7|67900|01-Apr-2025 00:00:00|02-Apr-2025 00:00:00|WEST|MAHARASHTRA|SOLAPUR|||||||||||||||||||||Live|||||0||No||||||||||||
52|LINDA|SSR01|157|ACCSR01|CTQA|SAVING ACCOUNT||56000|3|6788||01-May-2025 00:00:00|WEST|MAHARASHTRA|SOLAPUR|||||||||||||||||||||Live|||||0||No||||||||||||
69|UDIT|UIC01|185|UIAC01|CTQA|TERM LOAN|ADD1|7890|8|34900|02-Jul-2025 00:00:00|03-Jul-2025 00:00:00|NORTH|RAJASTHAN|JODHPUR|MEERA|Both|1456|commercial|MUMBAI||||MUMBAI|MAHARASHTRA|456544|IndusInd Bank||10|12300|No|||Screenshot (553).png|Evidence|Live|||||0||No||||||||||||
69|UDIT|UIC01|185|UIAC01|CTQA|TERM LOAN|ADD1|7890|8|34900|02-Jul-2025 00:00:00|03-Jul-2025 00:00:00|NORTH|RAJASTHAN|JODHPUR|MEERA|Both|1456|commercial|MUMBAI||||MUMBAI|MAHARASHTRA|456544|State Bank of India|Leader|60|879000|Yes|||Screenshot (553).png|Evidence|Live|||||0||No||||||||||||
69|UDIT|UIC01|185|UIAC01|CTQA|TERM LOAN|ADD1|7890|8|34900|02-Jul-2025 00:00:00|03-Jul-2025 00:00:00|NORTH|RAJASTHAN|JODHPUR|GEETA|Guarantor|2||PUNE, MAHARASHTRA||||PUNE|MAHARASHTRA|411015|IndusInd Bank||10|12300|No|||Screenshot (553).png|Evidence|Live|||||0||No||||||||||||
69|UDIT|UIC01|185|UIAC01|CTQA|TERM LOAN|ADD1|7890|8|34900|02-Jul-2025 00:00:00|03-Jul-2025 00:00:00|NORTH|RAJASTHAN|JODHPUR|GEETA|Guarantor|2||PUNE, MAHARASHTRA||||PUNE|MAHARASHTRA|411015|State Bank of India|Leader|60|879000|Yes|||Screenshot (553).png|Evidence|Live|||||0||No||||||||||||
69|UDIT|UIC01|185|UIAC01|CTQA|TERM LOAN|ADD1|7890|8|34900|02-Jul-2025 00:00:00|03-Jul-2025 00:00:00|NORTH|RAJASTHAN|JODHPUR|BHUSHAN KALE|Coborrower|42||MUKUND NAGAR, AKOLA||||AKOLA|MAHARASHTRA|444001|IndusInd Bank||10|12300|No|||Screenshot (553).png|Evidence|Live|||||0||No||||||||||||
69|UDIT|UIC01|185|UIAC01|CTQA|TERM LOAN|ADD1|7890|8|34900|02-Jul-2025 00:00:00|03-Jul-2025 00:00:00|NORTH|RAJASTHAN|JODHPUR|BHUSHAN KALE|Coborrower|42||MUKUND NAGAR, AKOLA||||AKOLA|MAHARASHTRA|444001|State Bank of India|Leader|60|879000|Yes|||Screenshot (553).png|Evidence|Live|||||0||No||||||||||||
69|UDIT|UIC01|185|UIAC01|CTQA|TERM LOAN|MUMBAI|7890|8|34900|02-Jul-2025 00:00:00|03-Jul-2025 00:00:00|NORTH|RAJASTHAN|JODHPUR|MEERA|Both|1456|commercial|MUMBAI||||MUMBAI|MAHARASHTRA|456544|IndusInd Bank||10|12300|No|||Screenshot (553).png|Evidence|Live|||||0||No||||||||||||
69|UDIT|UIC01|185|UIAC01|CTQA|TERM LOAN|MUMBAI|7890|8|34900|02-Jul-2025 00:00:00|03-Jul-2025 00:00:00|NORTH|RAJASTHAN|JODHPUR|MEERA|Both|1456|commercial|MUMBAI||||MUMBAI|MAHARASHTRA|456544|State Bank of India|Leader|60|879000|Yes|||Screenshot (553).png|Evidence|Live|||||0||No||||||||||||
69|UDIT|UIC01|185|UIAC01|CTQA|TERM LOAN|MUMBAI|7890|8|34900|02-Jul-2025 00:00:00|03-Jul-2025 00:00:00|NORTH|RAJASTHAN|JODHPUR|GEETA|Guarantor|2||PUNE, MAHARASHTRA||||PUNE|MAHARASHTRA|411015|IndusInd Bank||10|12300|No|||Screenshot (553).png|Evidence|Live|||||0||No||||||||||||
69|UDIT|UIC01|185|UIAC01|CTQA|TERM LOAN|MUMBAI|7890|8|34900|02-Jul-2025 00:00:00|03-Jul-2025 00:00:00|NORTH|RAJASTHAN|JODHPUR|GEETA|Guarantor|2||PUNE, MAHARASHTRA||||PUNE|MAHARASHTRA|411015|State Bank of India|Leader|60|879000|Yes|||Screenshot (553).png|Evidence|Live|||||0||No||||||||||||
69|UDIT|UIC01|185|UIAC01|CTQA|TERM LOAN|MUMBAI|7890|8|34900|02-Jul-2025 00:00:00|03-Jul-2025 00:00:00|NORTH|RAJASTHAN|JODHPUR|BHUSHAN KALE|Coborrower|42||MUKUND NAGAR, AKOLA||||AKOLA|MAHARASHTRA|444001|IndusInd Bank||10|12300|No|||Screenshot (553).png|Evidence|Live|||||0||No||||||||||||
69|UDIT|UIC01|185|UIAC01|CTQA|TERM LOAN|MUMBAI|7890|8|34900|02-Jul-2025 00:00:00|03-Jul-2025 00:00:00|NORTH|RAJASTHAN|JODHPUR|BHUSHAN KALE|Coborrower|42||MUKUND NAGAR, AKOLA||||AKOLA|MAHARASHTRA|444001|State Bank of India|Leader|60|879000|Yes|||Screenshot (553).png|Evidence|Live|||||0||No||||||||||||
69|UDIT|UIC01|186|UIAC02|CTQA|SAVING ACCOUNT||1.29e+006|19|87900||01-Jul-2025 00:00:00|NORTH|RAJASTHAN|JODHPUR|RIDHI|CoApplicant|1459|||||||||HDFC Bank|Leader|23|7675|No|||||Live|||||7||No||||||||||||
69|UDIT|UIC01|186|UIAC02|CTQA|SAVING ACCOUNT||1.29e+006|19|87900||01-Jul-2025 00:00:00|NORTH|RAJASTHAN|JODHPUR|GIRIJA NAIR|Guarantor|1457|Current Address|MUMBAI||||MUMBAI|MAHARASHTRA|456544|HDFC Bank|Leader|23|7675|No|||||Live|||||7||No||||||||||||
69|UDIT|UIC01|186|UIAC02|CTQA|SAVING ACCOUNT||1.29e+006|19|87900||01-Jul-2025 00:00:00|NORTH|RAJASTHAN|JODHPUR|KABIR|CoApplicant|1458|||||||||HDFC Bank|Leader|23|7675|No|||||Live|||||7||No||||||||||||
70|AMIT BHONDE|CUST455501|188|LAN455501-01|CTQA|HOME LOAN||5e+006|12|4e+006|01-Jul-2023 00:00:00|05-Jul-2023 00:00:00|WEST|MAHARASHTRA|AKOLA|AVNI|Coborrower|40||||||||||||||||||Live|||||1||No||||||||||||
70|AMIT BHONDE|CUST455501|188|LAN455501-01|CTQA|HOME LOAN||5e+006|12|4e+006|01-Jul-2023 00:00:00|05-Jul-2023 00:00:00|WEST|MAHARASHTRA|AKOLA|POOJA|Guarantor|17||||||||||||||||||Live|||||1||No||||||||||||
70|AMIT BHONDE|CUST455501|189|LAN455501-2|CTQA|SAVING ACCOUNT||7.5e+006|10|4.5e+006|01-Jan-2024 00:00:00|01-Mar-2024 00:00:00|WEST|MAHARASHTRA|AKOLA|GEETA|Guarantor|2||PUNE, MAHARASHTRA||||PUNE|MAHARASHTRA|411015||||||||||Live|||||1||No||||||||||||
70|AMIT BHONDE|CUST455501|189|LAN455501-2|CTQA|SAVING ACCOUNT||7.5e+006|10|4.5e+006|01-Jan-2024 00:00:00|01-Mar-2024 00:00:00|WEST|MAHARASHTRA|AKOLA|BHUSHAN KALE|Coborrower|42||MUKUND NAGAR, AKOLA||||AKOLA|MAHARASHTRA|444001||||||||||Live|||||1||No||||||||||||
70|AMIT BHONDE|CUST455501|190|LAN455501-3|CTQA|SAVING ACCOUNT||5e+006|8|4.5e+006|01-Feb-2024 00:00:00|02-Feb-2024 00:00:00|WEST|MAHARASHTRA|AKOLA|SHUBHAM MAHAKAL|Guarantor|44||||||||||||||||||Live|||||1||No||||||||||||
70|AMIT BHONDE|CUST455501|190|LAN455501-3|CTQA|SAVING ACCOUNT||5e+006|8|4.5e+006|01-Feb-2024 00:00:00|02-Feb-2024 00:00:00|WEST|MAHARASHTRA|AKOLA|BHUSHAN KALE|Coborrower|42||MUKUND NAGAR, AKOLA||||AKOLA|MAHARASHTRA|444001||||||||||Live|||||1||No||||||||||||
70|AMIT BHONDE|CUST455501|190|LAN455501-3|CTQA|SAVING ACCOUNT||5e+006|8|4.5e+006|01-Feb-2024 00:00:00|02-Feb-2024 00:00:00|WEST|MAHARASHTRA|AKOLA|RUSHIKESH JAYALE|CoApplicant|43||||||||||||||||||Live|||||1||No||||||||||||
70|AMIT BHONDE|CUST455501|191|LAN455501-4|CTQA|SAVING ACCOUNT||7.4e+006|9|6.4e+006|04-Jul-2023 00:00:00|11-Jul-2023 00:00:00|WEST|MAHARASHTRA|AKOLA|AVNI|Coborrower|40||||||||||||||||||Live|||||1||No||||||||||||
70|AMIT BHONDE|CUST455501|191|LAN455501-4|CTQA|SAVING ACCOUNT||7.4e+006|9|6.4e+006|04-Jul-2023 00:00:00|11-Jul-2023 00:00:00|WEST|MAHARASHTRA|AKOLA|RUSHIKESH JAYALE|CoApplicant|43||||||||||||||||||Live|||||1||No||||||||||||
70|AMIT BHONDE|CUST455501|191|LAN455501-4|CTQA|SAVING ACCOUNT||7.4e+006|9|6.4e+006|04-Jul-2023 00:00:00|11-Jul-2023 00:00:00|WEST|MAHARASHTRA|AKOLA|POOJA|Guarantor|17||||||||||||||||||Live|||||1||No||||||||||||
71|P TEST CUSTOMER|PTC1234|193|PTC_01|CTQA|SAVING ACCOUNT||1e+006|10|500000|01-Jan-2020 00:00:00|10-Jan-2020 00:00:00|WEST|MAHARASHTRA|MUMBAI|||||||||||||||||||||Live|||||0||No||||||||||||
73|P CUSTOMER 1|PDC1|192|PDC1|CTQA|SAVING ACCOUNT||1e+006|9|900000|01-Jul-2025 00:00:00|02-Jul-2025 00:00:00|WEST|MAHARASHTRA|PUNE|||||||||||||||||||||Live|||||0||No||||||||||||
75|AFC|AFC01|194|AFCA01|CTQA|TERM LOAN|MUMBAI|890011|11|7.86091e+006|01-Jul-2025 00:00:00|03-Jul-2025 00:00:00|WEST|MAHARASHTRA|MUMBAI|GEETA|Guarantor|2||PUNE, MAHARASHTRA||||PUNE|MAHARASHTRA|411015||||||||||Live|||||22|31-Jul-2025|No||||||||||||
75|AFC|AFC01|194|AFCA01|CTQA|TERM LOAN|MUMBAI|890011|11|7.86091e+006|01-Jul-2025 00:00:00|03-Jul-2025 00:00:00|WEST|MAHARASHTRA|MUMBAI|LAXMI|CoApplicant|16||||||||||||||||||Live|||||22|31-Jul-2025|No||||||||||||
76|P1 TEST CUSTOMER|PTC_002|195|P1-12345|CTQA|SAVING ACCOUNT|Mumbai|1e+006|10|300000|19-Jun-2019 00:00:00|20-Jun-2019 00:00:00|WEST|MAHARASHTRA|MUMBAI|||||||||||||||||||||Live|||||0||No||||||||||||
77|P2 TEST CUSTOMER|PTC_003|196|P2-12346|CTQA|SAVING ACCOUNT|Pune|1e+006|8|500000|19-Jan-2020 00:00:00|20-Jan-2020 00:00:00|WEST|MAHARASHTRA|PUNE|||||||||||||||||||||Live|||||0||No||||||||||||
78|P3 TEST CUSTOMER|PTC_004|197|P3-12347|CTQA|SAVING ACCOUNT|Nashik|1e+006|7|1e+006|19-Apr-2021 00:00:00|20-Apr-2021 00:00:00|WEST|MAHARASHTRA|NASHIK|||||||||||||||||||||Live|||||0||No||||||||||||
79|P4 TEST CUSTOMER|PTC_005|198|P4-12348|CTQA|SAVING ACCOUNT|Nashik|1e+006|9|234100|19-Jul-2022 00:00:00|20-Jul-2022 00:00:00|WEST|MAHARASHTRA|NASHIK|||||||||||||||||||||Live|||||0||No||||||||||||
80|P5 TEST CUSTOMER|PTC_006|199|P5-12349|CTQA|SAVING ACCOUNT|Nashik|1e+006|2|340000|19-Jun-2023 00:00:00|20-Jun-2023 00:00:00|WEST|MAHARASHTRA|NASHIK|||||||||||||||||||||Live|||||0||No||||||||||||
81|P6 TEST CUSTOMER|PTC_007|200|P6-12350|CTQA|SAVING ACCOUNT|Mumbai|1e+006|12|300000|19-Jun-2019 00:00:00|20-Jun-2019 00:00:00|WEST|MAHARASHTRA|MUMBAI|||||||||||||||||||||Live|||||0||No||||||||||||
82|P7 TEST CUSTOMER|PTC_008|201|P7-12351|CTQA|SAVING ACCOUNT|Pune|1e+006|2|500000|19-Jan-2020 00:00:00|20-Jan-2020 00:00:00|WEST|MAHARASHTRA|PUNE|||||||||||||||||||||Live|||||0||No||||||||||||
83|P8 TEST CUSTOMER|PTC_009|202|P8-12352|CTQA|SAVING ACCOUNT|Pune|1e+006|5|1e+006|19-Apr-2021 00:00:00|20-Apr-2021 00:00:00|WEST|MAHARASHTRA|PUNE|||||||||||||||||||||Live|||||0||No||||||||||||
84|P9 TEST CUSTOMER|PTC_010|203|P9-12353|CTQA|SAVING ACCOUNT|Mumbai|1e+006|10|234100|19-Jul-2022 00:00:00|20-Jul-2022 00:00:00|WEST|MAHARASHTRA|MUMBAI|||||||||||||||||||||Live|||||0||No||||||||||||
